153-a,5,Sydney,8/1/2001,International,Outdoor,Hard,Semifinals,3,Hewitt L.,Grosjean S.,w,7,19,,,6,3,4,6,6,4,,,,,2,1,Completed,1.3925,1.44,1.35,1.513652245,2.52,2.85,2.2,2.946842459,4,xwwwlww,xwwwlww,xww,xww,xwwwwwwllwlwwlww,xwwwwwwllwlwwlww,xwwwwl,xwwwwl
153-b,5,Sydney,8/1/2001,International,Outdoor,Hard,Semifinals,3,Grosjean S.,Hewitt L.,l,19,7,,,3,6,6,4,4,6,,,,,1,2,Completed,2.52,2.85,2.2,2.946842459,1.3925,1.44,1.35,1.513652245,4,xww,xww,xwwwlww,xwwwlww,xwwwwl,xwwwwl,xwwwwwwllwlwwlww,xwwwwwwllwlwwlww
155-a,5,Sydney,8/1/2001,International,Outdoor,Hard,The Final,3,Hewitt L.,Norman M.,w,7,4,,,6,4,6,1,,,,,,,2,0,Completed,1.6575,1.73,1.6,1.834024896,1.95,2.05,1.8,2.199004975,4,xwwwwlww,xwwwwlww,xwwwwl,xwwwwl,xwlwwwwwwwllwlwwlww,xwlwwwwwwwllwlwwlww,xwwlwlwwwwwll,xwwlwlwwwwwll
155-b,5,Sydney,8/1/2001,International,Outdoor,Hard,The Final,3,Norman M.,Hewitt L.,l,4,7,,,4,6,1,6,,,,,,,0,2,Completed,1.95,2.05,1.8,2.199004975,1.6575,1.73,1.6,1.834024896,4,xwwwwl,xwwwwl,xwwwwlww,xwwwwlww,xwwlwlwwwwwll,xwwlwlwwwwwll,xwlwwwwwwwllwlwwlww,xwlwwwwwwwllwlwwlww
270-a,6,Melbourne,15/01/01,Grand Slam,Outdoor,Hard,4th Round,5,Grosjean S.,Norman M.,w,19,4,,,7,6,6,3,0,6,6,4,,,3,1,Completed,2.275,2.5,1.9,2.587677725,1.5,1.53,1.47,1.629850746,4,xwwlww,xwwlww,xwwlwwwwl,xwwlwwwwl,xwwwwwwlwlwwwwl,xwwwwwwlwlwwwwl,xwwlwwwwllwwlwlwwwwwll,xwwlwwwwllwwlwlwwwwwll
270-b,6,Melbourne,15/01/01,Grand Slam,Outdoor,Hard,4th Round,5,Norman M.,Grosjean S.,l,4,19,,,6,7,3,6,6,0,4,6,,,1,3,Completed,1.5,1.53,1.47,1.629850746,2.275,2.5,1.9,2.587677725,4,xwwlwwwwl,xwwlwwwwl,xwwlww,xwwlww,xwwlwwwwllwwlwlwwwwwll,xwwlwwwwllwwlwlwwwwwll,xwwwwwwlwlwwwwl,xwwwwwwlwlwwwwl
271-a,6,Melbourne,15/01/01,Grand Slam,Outdoor,Hard,4th Round,5,Hrbaty D.,Safin M.,w,16,2,,,6,2,7,6,6,4,,,,,3,0,Completed,2.9125,3.25,2.4,3.448342089,1.31,1.33,1.3,1.408439656,4,xwwwww,xwwwww,xww,xww,xwwwwwwwwlwwlwwl,xwwwwwwwwlwwlwwl,xwwwwwwl,xwwwwwwl
271-b,6,Melbourne,15/01/01,Grand Slam,Outdoor,Hard,4th Round,5,Safin M.,Hrbaty D.,l,2,16,,,2,6,6,7,4,6,,,,,0,3,Completed,1.31,1.33,1.3,1.408439656,2.9125,3.25,2.4,3.448342089,4,xww,xww,xwwwww,xwwwww,xwwwwwwl,xwwwwwwl,xwwwwwwwwlwwlwwl,xwwwwwwwwlwwlwwl
275-a,6,Melbourne,15/01/01,Grand Slam,Outdoor,Hard,4th Round,5,Rafter P.,Henman T.,w,15,10,,,6,2,6,3,6,3,,,,,3,0,Completed,1.7825,1.85,1.7,1.962700068,1.845,2,1.7,2.038745123,4,xww,xww,xwww,xwww,xwwwwwlw,xwwwwwlw,xwlwwwwwwlw,xwlwwwwwwlw
275-b,6,Melbourne,15/01/01,Grand Slam,Outdoor,Hard,4th Round,5,Henman T.,Rafter P.,l,10,15,,,2,6,3,6,3,6,,,,,0,3,Completed,1.845,2,1.7,2.038745123,1.7825,1.85,1.7,1.962700068,4,xwww,xwww,xww,xww,xwlwwwwwwlw,xwlwwwwwwlw,xwwwwwlw,xwwwwwlw
279-a,6,Melbourne,15/01/01,Grand Slam,Outdoor,Hard,Quarterfinals,5,Rafter P.,Hrbaty D.,w,15,16,,,6,2,6,7,7,5,6,0,,,3,1,Completed,1.4775,1.53,1.45,1.611487841,2.295,2.5,2,2.635355493,4,xwww,xwww,xwwwwww,xwwwwww,xwwwwwwwwlw,xwwwwwwwwlw,xwwwwwwwwwwwlwwlwwl,xwwwwwwwwwwwlwwlwwl
279-b,6,Melbourne,15/01/01,Grand Slam,Outdoor,Hard,Quarterfinals,5,Hrbaty D.,Rafter P.,l,16,15,,,2,6,7,6,5,7,0,6,,,1,3,Completed,2.295,2.5,2,2.635355493,1.4775,1.53,1.45,1.611487841,4,xwwwwww,xwwwwww,xwww,xwww,xwwwwwwwwwwwlwwlwwl,xwwwwwwwwwwwlwwlwwl,xwwwwwwwwlw,xwwwwwwwwlw
