3-a,1,Adelaide,1/1/2001,International,Outdoor,Hard,1st Round,3,Haas T.,Smith L.,w,23,485,,,6,3,6,3,,,,,,,2,0,Completed,1.11,1.12,1.1,1.223814774,3.75,4,3.5,5.467980296,2,x,x,x,x,x,x,x,x
3-b,1,Adelaide,1/1/2001,International,Outdoor,Hard,1st Round,3,Smith L.,Haas T.,l,485,23,,,3,6,3,6,,,,,,,0,2,Completed,3.75,4,3.5,5.467980296,1.11,1.12,1.1,1.223814774,2,x,x,x,x,x,x,x,x
5-a,1,Adelaide,1/1/2001,International,Outdoor,Hard,1st Round,3,Hewitt L.,Arthurs W.,w,7,83,,,6,4,6,3,,,,,,,2,0,Completed,1.2,1.28,1.12,1.288956127,3.55,3.8,3.3,4.460732984,2,x,x,x,x,x,x,x,x
5-b,1,Adelaide,1/1/2001,International,Outdoor,Hard,1st Round,3,Arthurs W.,Hewitt L.,l,83,7,,,4,6,3,6,,,,,,,0,2,Completed,3.55,3.8,3.3,4.460732984,1.2,1.28,1.12,1.288956127,2,x,x,x,x,x,x,x,x
17-a,1,Adelaide,1/1/2001,International,Outdoor,Hard,2nd Round,3,Haas T.,Malisse X.,w,23,127,,,7,5,6,3,,,,,,,2,0,Completed,1.2825,1.35,1.2,1.390968818,2.925,3.2,2.6,3.557748733,4,xw,xw,x,x,xww,xww,x,x
17-b,1,Adelaide,1/1/2001,International,Outdoor,Hard,2nd Round,3,Malisse X.,Haas T.,l,127,23,,,5,7,3,6,,,,,,,0,2,Completed,2.925,3.2,2.6,3.557748733,1.2825,1.35,1.2,1.390968818,4,x,x,xw,xw,x,x,xww,xww
19-a,1,Adelaide,1/1/2001,International,Outdoor,Hard,2nd Round,3,Hewitt L.,Phau B.,w,7,208,,,6,7,6,4,6,0,,,,,2,1,Completed,1.13,1.13,1.13,1.174303259,5.5,5.5,5.5,6.737127371,1,xw,xw,x,x,xww,xww,x,x
19-b,1,Adelaide,1/1/2001,International,Outdoor,Hard,2nd Round,3,Phau B.,Hewitt L.,l,208,7,,,7,6,4,6,0,6,,,,,1,2,Completed,5.5,5.5,5.5,6.737127371,1.13,1.13,1.13,1.174303259,1,x,x,xw,xw,x,x,xww,xww
23-a,1,Adelaide,1/1/2001,International,Outdoor,Hard,2nd Round,3,Massu N.,Clement A.,w,87,18,,,6,2,6,2,,,,,,,2,0,Completed,2.4075,2.7,2,2.793031062,1.43,1.45,1.41,1.557714822,4,x,x,x,x,x,x,x,x
23-b,1,Adelaide,1/1/2001,International,Outdoor,Hard,2nd Round,3,Clement A.,Massu N.,l,18,87,,,2,6,2,6,,,,,,,0,2,Completed,1.43,1.45,1.41,1.557714822,2.4075,2.7,2,2.793031062,4,x,x,x,x,x,x,x,x
24-a,1,Adelaide,1/1/2001,International,Outdoor,Hard,2nd Round,3,Stoltenberg J.,Goldstein P.,w,66,81,,,6,2,6,2,,,,,,,2,0,Completed,1.543333333,1.55,1.53,1.672996902,2.21,2.38,2,2.485890942,3,x,x,x,x,x,x,x,x
24-b,1,Adelaide,1/1/2001,International,Outdoor,Hard,2nd Round,3,Goldstein P.,Stoltenberg J.,l,81,66,,,2,6,2,6,,,,,,,0,2,Completed,2.21,2.38,2,2.485890942,1.543333333,1.55,1.53,1.672996902,3,x,x,x,x,x,x,x,x
25-a,1,Adelaide,1/1/2001,International,Outdoor,Hard,Quarterfinals,3,Haas T.,Hewitt L.,w,23,7,,,6,4,0,6,6,1,,,,,2,1,Completed,2.1,2.3,1.9,2.450606586,1.515,1.53,1.5,1.689366786,2,xww,xww,xww,xww,xwwww,xwwww,xwwlww,xwwlww
25-b,1,Adelaide,1/1/2001,International,Outdoor,Hard,Quarterfinals,3,Hewitt L.,Haas T.,l,7,23,,,4,6,6,0,1,6,,,,,1,2,Completed,1.515,1.53,1.5,1.689366786,2.1,2.3,1.9,2.450606586,2,xww,xww,xww,xww,xwwlww,xwwlww,xwwww,xwwww
26-a,1,Adelaide,1/1/2001,International,Outdoor,Hard,Quarterfinals,3,Henman T.,Johansson T.,w,10,39,,,7,6,6,7,6,3,,,,,2,1,Completed,1.3675,1.47,1.25,1.475280308,2.6625,3.5,2.2,3.104021526,4,x,x,x,x,x,x,x,x
26-b,1,Adelaide,1/1/2001,International,Outdoor,Hard,Quarterfinals,3,Johansson T.,Henman T.,l,39,10,,,6,7,7,6,3,6,,,,,1,2,Completed,2.6625,3.5,2.2,3.104021526,1.3675,1.47,1.25,1.475280308,4,x,x,x,x,x,x,x,x
27-a,1,Adelaide,1/1/2001,International,Outdoor,Hard,Quarterfinals,3,Massu N.,Ljubicic I.,w,87,91,,,6,7,7,6,6,2,,,,,2,1,Completed,1.916666667,2,1.75,2.18126195,1.653333333,1.7,1.61,1.846552282,3,xw,xw,x,x,xww,xww,x,x
27-b,1,Adelaide,1/1/2001,International,Outdoor,Hard,Quarterfinals,3,Ljubicic I.,Massu N.,l,91,87,,,7,6,6,7,2,6,,,,,1,2,Completed,1.653333333,1.7,1.61,1.846552282,1.916666667,2,1.75,2.18126195,3,x,x,xw,xw,x,x,xww,xww
28-a,1,Adelaide,1/1/2001,International,Outdoor,Hard,Quarterfinals,3,Stoltenberg J.,Martin A.,w,66,79,,,6,3,6,4,,,,,,,2,0,Completed,1.39,1.41,1.35,1.504686469,2.5625,3,2.1,2.981428198,4,xw,xw,x,x,xww,xww,x,x
28-b,1,Adelaide,1/1/2001,International,Outdoor,Hard,Quarterfinals,3,Martin A.,Stoltenberg J.,l,79,66,,,3,6,4,6,,,,,,,0,2,Completed,2.5625,3,2.1,2.981428198,1.39,1.41,1.35,1.504686469,4,x,x,xw,xw,x,x,xww,xww
31-a,1,Adelaide,1/1/2001,International,Outdoor,Hard,The Final,3,Haas T.,Massu N.,w,23,87,,,6,3,6,1,,,,,,,2,0,Completed,1.383333333,1.4,1.35,1.511839709,2.5,3,2.1,2.953736655,3,xwww,xwww,xww,xww,xwlwwwww,xwlwwwww,xwwlww,xwwlww
31-b,1,Adelaide,1/1/2001,International,Outdoor,Hard,The Final,3,Massu N.,Haas T.,l,87,23,,,3,6,1,6,,,,,,,0,2,Completed,2.5,3,2.1,2.953736655,1.383333333,1.4,1.35,1.511839709,3,xww,xww,xwww,xwww,xwwlww,xwwlww,xwlwwwww,xwlwwwww
32-a,2,Chennai,1/1/2001,International,Outdoor,Hard,1st Round,3,Agenor R.,Zib T.,w,137,117,,,6,3,6,2,,,,,,,2,0,Completed,2,2.3,1.8,2.324659232,1.563333333,1.66,1.5,1.754911132,3,x,x,x,x,x,x,x,x
32-b,2,Chennai,1/1/2001,International,Outdoor,Hard,1st Round,3,Zib T.,Agenor R.,l,117,137,,,3,6,2,6,,,,,,,0,2,Completed,1.563333333,1.66,1.5,1.754911132,2,2.3,1.8,2.324659232,3,x,x,x,x,x,x,x,x
34-a,2,Chennai,1/1/2001,International,Outdoor,Hard,1st Round,3,Dent T.,Norman M.,w,181,4,,,6,3,7,6,,,,,,,2,0,Completed,3.75,4.75,3,5.004821601,1.153333333,1.17,1.14,1.249699013,3,x,x,x,x,x,x,x,x
34-b,2,Chennai,1/1/2001,International,Outdoor,Hard,1st Round,3,Norman M.,Dent T.,l,4,181,,,3,6,6,7,,,,,,,0,2,Completed,1.153333333,1.17,1.14,1.249699013,3.75,4.75,3,5.004821601,3,x,x,x,x,x,x,x,x
35-a,2,Chennai,1/1/2001,International,Outdoor,Hard,1st Round,3,Golmard J.,Bastl G.,w,42,105,,,7,5,6,7,6,1,,,,,2,1,Completed,1.383333333,1.4,1.35,1.521226856,2.45,2.75,2.1,2.918550413,3,x,x,x,x,x,x,x,x
35-b,2,Chennai,1/1/2001,International,Outdoor,Hard,1st Round,3,Bastl G.,Golmard J.,l,105,42,,,5,7,7,6,1,6,,,,,1,2,Completed,2.45,2.75,2.1,2.918550413,1.383333333,1.4,1.35,1.521226856,3,x,x,x,x,x,x,x,x
37-a,2,Chennai,1/1/2001,International,Outdoor,Hard,1st Round,3,Pioline C.,Blanco G.,w,16,114,,,3,6,6,3,7,6,,,,,2,1,Completed,1.223333333,1.3,1.17,1.334855286,3.133333333,3.4,2.8,3.986364687,3,x,x,x,x,x,x,x,x
37-b,2,Chennai,1/1/2001,International,Outdoor,Hard,1st Round,3,Blanco G.,Pioline C.,l,114,16,,,6,3,3,6,6,7,,,,,1,2,Completed,3.133333333,3.4,2.8,3.986364687,1.223333333,1.3,1.17,1.334855286,3,x,x,x,x,x,x,x,x
38-a,2,Chennai,1/1/2001,International,Outdoor,Hard,1st Round,3,Pless K.,Black W.,w,197,107,,,6,2,7,5,,,,,,,2,0,Completed,2,2,2,2.311926606,1.575,1.7,1.45,1.762237762,2,x,x,x,x,x,x,x,x
38-b,2,Chennai,1/1/2001,International,Outdoor,Hard,1st Round,3,Black W.,Pless K.,l,107,197,,,2,6,5,7,,,,,,,0,2,Completed,1.575,1.7,1.45,1.762237762,2,2,2,2.311926606,2,x,x,x,x,x,x,x,x
39-a,2,Chennai,1/1/2001,International,Outdoor,Hard,1st Round,3,Robredo T.,Paes L.,w,131,188,,,7,6,6,0,,,,,,,2,0,Completed,2,2,2,2.468085106,1.45,1.45,1.45,1.68115942,1,x,x,x,x,x,x,x,x
39-b,2,Chennai,1/1/2001,International,Outdoor,Hard,1st Round,3,Paes L.,Robredo T.,l,188,131,,,6,7,0,6,,,,,,,0,2,Completed,1.45,1.45,1.45,1.68115942,2,2,2,2.468085106,1,x,x,x,x,x,x,x,x
44-a,2,Chennai,1/1/2001,International,Outdoor,Hard,1st Round,3,Vinciguerra A.,Kratochvil M.,w,52,93,,,7,6,6,3,,,,,,,2,0,Completed,1.41,1.45,1.35,1.561708861,2.333333333,2.5,2.2,2.78028169,3,x,x,x,x,x,x,x,x
44-b,2,Chennai,1/1/2001,International,Outdoor,Hard,1st Round,3,Kratochvil M.,Vinciguerra A.,l,93,52,,,6,7,3,6,,,,,,,0,2,Completed,2.333333333,2.5,2.2,2.78028169,1.41,1.45,1.35,1.561708861,3,x,x,x,x,x,x,x,x
46-a,2,Chennai,1/1/2001,International,Outdoor,Hard,1st Round,3,Wessels P.,Roux L.,w,150,223,,,7,5,6,1,,,,,,,2,0,Completed,1.6,1.6,1.6,1.87012987,1.8,1.8,1.8,2.149253731,1,x,x,x,x,x,x,x,x
46-b,2,Chennai,1/1/2001,International,Outdoor,Hard,1st Round,3,Roux L.,Wessels P.,l,223,150,,,5,7,1,6,,,,,,,0,2,Completed,1.8,1.8,1.8,2.149253731,1.6,1.6,1.6,1.87012987,1,x,x,x,x,x,x,x,x
47-a,2,Chennai,1/1/2001,International,Outdoor,Hard,1st Round,3,Youzhny M.,Squillari F.,w,113,14,,,6,7,6,1,6,2,,,,,2,1,Completed,2.033333333,2.2,1.9,2.362273579,1.55,1.6,1.5,1.734066942,3,x,x,x,x,x,x,x,x
47-b,2,Chennai,1/1/2001,International,Outdoor,Hard,1st Round,3,Squillari F.,Youzhny M.,l,14,113,,,7,6,1,6,2,6,,,,,1,2,Completed,1.55,1.6,1.5,1.734066942,2.033333333,2.2,1.9,2.362273579,3,x,x,x,x,x,x,x,x
48-a,2,Chennai,1/1/2001,International,Outdoor,Hard,2nd Round,3,Pioline C.,Agenor R.,w,16,137,,,4,6,6,3,6,2,,,,,2,1,Completed,1.21,1.25,1.17,1.306128139,3.3875,3.75,2.8,4.266605946,4,xw,xw,xw,xw,xwwl,xwwl,xww,xww
48-b,2,Chennai,1/1/2001,International,Outdoor,Hard,2nd Round,3,Agenor R.,Pioline C.,l,137,16,,,6,4,3,6,2,6,,,,,1,2,Completed,3.3875,3.75,2.8,4.266605946,1.21,1.25,1.17,1.306128139,4,xw,xw,xw,xw,xww,xww,xwwl,xwwl
49-a,2,Chennai,1/1/2001,International,Outdoor,Hard,2nd Round,3,Pless K.,Dent T.,w,197,181,,,7,6,6,4,,,,,,,2,0,Completed,2.015,2.2,1.8,2.277800831,1.6175,1.8,1.45,1.782594576,4,xw,xw,xw,xw,xww,xww,xww,xww
49-b,2,Chennai,1/1/2001,International,Outdoor,Hard,2nd Round,3,Dent T.,Pless K.,l,181,197,,,6,7,4,6,,,,,,,0,2,Completed,1.6175,1.8,1.45,1.782594576,2.015,2.2,1.8,2.277800831,4,xw,xw,xw,xw,xww,xww,xww,xww
50-a,2,Chennai,1/1/2001,International,Outdoor,Hard,2nd Round,3,Robredo T.,Sanchez D.,w,131,89,,,4,6,6,1,6,2,,,,,2,1,Completed,1.9,2,1.8,2.170428374,1.653333333,1.73,1.6,1.854388036,3,xw,xw,x,x,xww,xww,x,x
50-b,2,Chennai,1/1/2001,International,Outdoor,Hard,2nd Round,3,Sanchez D.,Robredo T.,l,89,131,,,6,4,1,6,2,6,,,,,1,2,Completed,1.653333333,1.73,1.6,1.854388036,1.9,2,1.8,2.170428374,3,x,x,xw,xw,x,x,xww,xww
51-a,2,Chennai,1/1/2001,International,Outdoor,Hard,2nd Round,3,Saulnier C.,Black B.,w,130,35,,,6,3,6,4,,,,,,,2,0,Completed,2.35,2.45,2.2,2.792079208,1.41,1.48,1.35,1.55801105,3,x,x,x,x,x,x,x,x
51-b,2,Chennai,1/1/2001,International,Outdoor,Hard,2nd Round,3,Black B.,Saulnier C.,l,35,130,,,3,6,4,6,,,,,,,0,2,Completed,1.41,1.48,1.35,1.55801105,2.35,2.45,2.2,2.792079208,3,x,x,x,x,x,x,x,x
52-a,2,Chennai,1/1/2001,International,Outdoor,Hard,2nd Round,3,Stoliarov A.,Vinciguerra A.,w,122,52,,,6,1,6,3,,,,,,,2,0,Completed,2.45,2.85,2.1,2.85123882,1.415,1.5,1.36,1.540178819,4,x,x,xw,xw,x,x,xww,xww
52-b,2,Chennai,1/1/2001,International,Outdoor,Hard,2nd Round,3,Vinciguerra A.,Stoliarov A.,l,52,122,,,1,6,3,6,,,,,,,0,2,Completed,1.415,1.5,1.36,1.540178819,2.45,2.85,2.1,2.85123882,4,xw,xw,x,x,xww,xww,x,x
53-a,2,Chennai,1/1/2001,International,Outdoor,Hard,2nd Round,3,Tabara M.,Kempes E.,w,96,126,,,6,4,6,0,,,,,,,2,0,Completed,1.663333333,1.78,1.6,1.873721345,1.873333333,1.92,1.8,2.144529667,3,x,x,x,x,x,x,x,x
53-b,2,Chennai,1/1/2001,International,Outdoor,Hard,2nd Round,3,Kempes E.,Tabara M.,l,126,96,,,4,6,0,6,,,,,,,0,2,Completed,1.873333333,1.92,1.8,2.144529667,1.663333333,1.78,1.6,1.873721345,3,x,x,x,x,x,x,x,x
54-a,2,Chennai,1/1/2001,International,Outdoor,Hard,2nd Round,3,Voinea A.,Golmard J.,w,110,42,,,1,2,,,,,,,,,0,0,Retired,2.5825,2.9,2.2,3.061489729,1.3625,1.44,1.31,1.485086094,4,x,x,xw,xw,x,x,xwlw,xwlw
54-b,2,Chennai,1/1/2001,International,Outdoor,Hard,2nd Round,3,Golmard J.,Voinea A.,l,42,110,,,2,1,,,,,,,,,0,0,Retired,1.3625,1.44,1.31,1.485086094,2.5825,2.9,2.2,3.061489729,4,xw,xw,x,x,xwlw,xwlw,x,x
55-a,2,Chennai,1/1/2001,International,Outdoor,Hard,2nd Round,3,Wessels P.,Youzhny M.,w,150,113,,,6,0,6,4,,,,,,,2,0,Completed,1.975,2.1,1.8,2.23770794,1.6325,1.73,1.55,1.807945047,4,xw,xw,xw,xw,xww,xww,xwwl,xwwl
55-b,2,Chennai,1/1/2001,International,Outdoor,Hard,2nd Round,3,Youzhny M.,Wessels P.,l,113,150,,,0,6,4,6,,,,,,,0,2,Completed,1.6325,1.73,1.55,1.807945047,1.975,2.1,1.8,2.23770794,4,xw,xw,xw,xw,xwwl,xwwl,xww,xww
56-a,2,Chennai,1/1/2001,International,Outdoor,Hard,Quarterfinals,3,Pless K.,Voinea A.,w,197,110,,,6,1,7,5,,,,,,,2,0,Completed,1.925,2,1.85,2.161865626,1.6825,1.85,1.55,1.860684727,4,xww,xww,xw,xw,xwwww,xwwww,x,x
56-b,2,Chennai,1/1/2001,International,Outdoor,Hard,Quarterfinals,3,Voinea A.,Pless K.,l,110,197,,,1,6,5,7,,,,,,,0,2,Completed,1.6825,1.85,1.55,1.860684727,1.925,2,1.85,2.161865626,4,xw,xw,xww,xww,x,x,xwwww,xwwww
57-a,2,Chennai,1/1/2001,International,Outdoor,Hard,Quarterfinals,3,Robredo T.,Saulnier C.,w,131,130,,,6,2,6,1,,,,,,,2,0,Completed,2.0125,2.2,1.85,2.273733763,1.62,1.73,1.55,1.785093423,4,xww,xww,xw,xw,xwwlww,xwwlww,xww,xww
57-b,2,Chennai,1/1/2001,International,Outdoor,Hard,Quarterfinals,3,Saulnier C.,Robredo T.,l,130,131,,,2,6,1,6,,,,,,,0,2,Completed,1.62,1.73,1.55,1.785093423,2.0125,2.2,1.85,2.273733763,4,xw,xw,xww,xww,xww,xww,xwwlww,xwwlww
58-a,2,Chennai,1/1/2001,International,Outdoor,Hard,Quarterfinals,3,Stoliarov A.,Wessels P.,w,122,150,,,1,6,6,3,6,2,,,,,2,1,Completed,1.7325,1.83,1.6,1.932002856,1.845,1.9,1.8,2.072958086,4,xw,xw,xww,xww,xww,xww,xwwww,xwwww
58-b,2,Chennai,1/1/2001,International,Outdoor,Hard,Quarterfinals,3,Wessels P.,Stoliarov A.,l,150,122,,,6,1,3,6,2,6,,,,,1,2,Completed,1.845,1.9,1.8,2.072958086,1.7325,1.83,1.6,1.932002856,4,xww,xww,xw,xw,xwwww,xwwww,xww,xww
59-a,2,Chennai,1/1/2001,International,Outdoor,Hard,Quarterfinals,3,Tabara M.,Pioline C.,w,96,16,,,6,4,6,1,,,,,,,2,0,Completed,3.2625,3.5,2.8,4.039144288,1.2325,1.28,1.2,1.329039988,4,xw,xw,xww,xww,xww,xww,xwwlwwl,xwwlwwl
59-b,2,Chennai,1/1/2001,International,Outdoor,Hard,Quarterfinals,3,Pioline C.,Tabara M.,l,16,96,,,4,6,1,6,,,,,,,0,2,Completed,1.2325,1.28,1.2,1.329039988,3.2625,3.5,2.8,4.039144288,4,xww,xww,xw,xw,xwwlwwl,xwwlwwl,xww,xww
60-a,2,Chennai,1/1/2001,International,Outdoor,Hard,Semifinals,3,Stoliarov A.,Robredo T.,w,122,131,,,4,6,6,3,6,4,,,,,2,1,Completed,1.655,1.75,1.55,1.832493435,1.95,2.1,1.85,2.201210674,4,xww,xww,xwww,xwww,xwwlww,xwwlww,xwwwwlww,xwwwwlww
60-b,2,Chennai,1/1/2001,International,Outdoor,Hard,Semifinals,3,Robredo T.,Stoliarov A.,l,131,122,,,6,4,3,6,4,6,,,,,1,2,Completed,1.95,2.1,1.85,2.201210674,1.655,1.75,1.55,1.832493435,4,xwww,xwww,xww,xww,xwwwwlww,xwwwwlww,xwwlww,xwwlww
61-a,2,Chennai,1/1/2001,International,Outdoor,Hard,Semifinals,3,Tabara M.,Pless K.,w,96,197,,,4,0,,,,,,,,,0,0,Retired,1.685,1.83,1.51,1.870512965,1.9075,2.1,1.75,2.148747968,4,xww,xww,xwww,xwww,xwwww,xwwww,xwwwwww,xwwwwww
61-b,2,Chennai,1/1/2001,International,Outdoor,Hard,Semifinals,3,Pless K.,Tabara M.,l,197,96,,,0,4,,,,,,,,,0,0,Retired,1.9075,2.1,1.75,2.148747968,1.685,1.83,1.51,1.870512965,4,xwww,xwww,xww,xww,xwwwwww,xwwwwww,xwwww,xwwww
62-a,2,Chennai,1/1/2001,International,Outdoor,Hard,The Final,3,Tabara M.,Stoliarov A.,w,96,122,,,6,2,7,6,,,,,,,2,0,Completed,1.8625,2,1.75,2.082153716,1.735,1.9,1.65,1.924083136,4,xwww,xwww,xwww,xwww,xwwww,xwwww,xwwlwwlww,xwwlwwlww
62-b,2,Chennai,1/1/2001,International,Outdoor,Hard,The Final,3,Stoliarov A.,Tabara M.,l,122,96,,,2,6,6,7,,,,,,,0,2,Completed,1.735,1.9,1.65,1.924083136,1.8625,2,1.75,2.082153716,4,xwww,xwww,xwww,xwww,xwwlwwlww,xwwlwwlww,xwwww,xwwww
63-a,3,Doha,1/1/2001,International,Outdoor,Hard,1st Round,3,Arazi H.,Portas A.,w,30,51,,,7,6,6,4,,,,,,,2,0,Completed,1.326666667,1.35,1.3,1.450569476,2.666666667,3.1,2.4,3.219413549,3,x,x,x,x,x,x,x,x
63-b,3,Doha,1/1/2001,International,Outdoor,Hard,1st Round,3,Portas A.,Arazi H.,l,51,30,,,6,7,4,6,,,,,,,0,2,Completed,2.666666667,3.1,2.4,3.219413549,1.326666667,1.35,1.3,1.450569476,3,x,x,x,x,x,x,x,x
65-a,3,Doha,1/1/2001,International,Outdoor,Hard,1st Round,3,Calatrava A.,Koubek S.,w,56,54,,,7,5,4,6,6,4,,,,,2,1,Completed,1.85,2.05,1.7,2.107871229,1.69,1.7,1.67,1.902631979,3,x,x,x,x,x,x,x,x
65-b,3,Doha,1/1/2001,International,Outdoor,Hard,1st Round,3,Koubek S.,Calatrava A.,l,54,56,,,5,7,6,4,4,6,,,,,1,2,Completed,1.69,1.7,1.67,1.902631979,1.85,2.05,1.7,2.107871229,3,x,x,x,x,x,x,x,x
66-a,3,Doha,1/1/2001,International,Outdoor,Hard,1st Round,3,di Pasquale A.,Zabaleta M.,w,60,61,,,6,1,6,4,,,,,,,2,0,Completed,1.773333333,1.85,1.67,2.004264999,1.766666667,1.85,1.6,1.995753114,3,x,x,x,x,x,x,x,x
66-b,3,Doha,1/1/2001,International,Outdoor,Hard,1st Round,3,Zabaleta M.,di Pasquale A.,l,61,60,,,1,6,4,6,,,,,,,0,2,Completed,1.766666667,1.85,1.6,1.995753114,1.773333333,1.85,1.67,2.004264999,3,x,x,x,x,x,x,x,x
68-a,3,Doha,1/1/2001,International,Outdoor,Hard,1st Round,3,Jonsson F.,Sanguinetti D.,w,203,65,,,7,5,6,3,,,,,,,2,0,Completed,2.033333333,2.2,1.9,2.354589412,1.556666667,1.6,1.5,1.738231077,3,x,x,x,x,x,x,x,x
68-b,3,Doha,1/1/2001,International,Outdoor,Hard,1st Round,3,Sanguinetti D.,Jonsson F.,l,65,203,,,5,7,3,6,,,,,,,0,2,Completed,1.556666667,1.6,1.5,1.738231077,2.033333333,2.2,1.9,2.354589412,3,x,x,x,x,x,x,x,x
69-a,3,Doha,1/1/2001,International,Outdoor,Hard,1st Round,3,Kafelnikov Y.,Clavet F.,w,5,49,,,6,2,6,2,,,,,,,2,0,Completed,1.3,1.33,1.27,1.420671494,2.766666667,3.1,2.4,3.3771518,3,x,x,x,x,x,x,x,x
69-b,3,Doha,1/1/2001,International,Outdoor,Hard,1st Round,3,Clavet F.,Kafelnikov Y.,l,49,5,,,2,6,2,6,,,,,,,0,2,Completed,2.766666667,3.1,2.4,3.3771518,1.3,1.33,1.27,1.420671494,3,x,x,x,x,x,x,x,x
70-a,3,Doha,1/1/2001,International,Outdoor,Hard,1st Round,3,Kiefer N.,Bjorkman J.,w,20,44,,,4,6,6,1,7,5,,,,,2,1,Completed,1.456666667,1.47,1.45,1.614546858,2.233333333,2.5,2,2.627215218,3,x,x,x,x,x,x,x,x
70-b,3,Doha,1/1/2001,International,Outdoor,Hard,1st Round,3,Bjorkman J.,Kiefer N.,l,44,20,,,6,4,1,6,5,7,,,,,1,2,Completed,2.233333333,2.5,2,2.627215218,1.456666667,1.47,1.45,1.614546858,3,x,x,x,x,x,x,x,x
71-a,3,Doha,1/1/2001,International,Outdoor,Hard,1st Round,3,Mirnyi M.,Prinosil D.,w,40,38,,,7,6,6,4,,,,,,,2,0,Completed,1.65,1.7,1.6,1.860314293,1.883333333,2.05,1.8,2.162365903,3,x,x,x,x,x,x,x,x
71-b,3,Doha,1/1/2001,International,Outdoor,Hard,1st Round,3,Prinosil D.,Mirnyi M.,l,38,40,,,6,7,4,6,,,,,,,0,2,Completed,1.883333333,2.05,1.8,2.162365903,1.65,1.7,1.6,1.860314293,3,x,x,x,x,x,x,x,x
73-a,3,Doha,1/1/2001,International,Outdoor,Hard,1st Round,3,Rios M.,Zimonjic N.,w,37,316,,,6,4,3,6,6,1,,,,,2,1,Completed,1.315,1.33,1.3,1.470095025,2.5,2.6,2.4,3.127229489,2,x,x,x,x,x,x,x,x
73-b,3,Doha,1/1/2001,International,Outdoor,Hard,1st Round,3,Zimonjic N.,Rios M.,l,316,37,,,4,6,6,3,1,6,,,,,1,2,Completed,2.5,2.6,2.4,3.127229489,1.315,1.33,1.3,1.470095025,2,x,x,x,x,x,x,x,x
75-a,3,Doha,1/1/2001,International,Outdoor,Hard,1st Round,3,Schalken S.,Alami K.,w,22,57,,,6,3,6,1,,,,,,,2,0,Completed,1.503333333,1.55,1.48,1.656763085,2.183333333,2.5,1.85,2.522619073,3,x,x,x,x,x,x,x,x
75-b,3,Doha,1/1/2001,International,Outdoor,Hard,1st Round,3,Alami K.,Schalken S.,l,57,22,,,3,6,1,6,,,,,,,0,2,Completed,2.183333333,2.5,1.85,2.522619073,1.503333333,1.55,1.48,1.656763085,3,x,x,x,x,x,x,x,x
76-a,3,Doha,1/1/2001,International,Outdoor,Hard,1st Round,3,Ulihrach B.,Coutelot N.,w,76,152,,,6,2,4,6,7,5,,,,,2,1,Completed,1.5,1.5,1.5,1.705263158,2.025,2.15,1.9,2.417910448,2,x,x,x,x,x,x,x,x
76-b,3,Doha,1/1/2001,International,Outdoor,Hard,1st Round,3,Coutelot N.,Ulihrach B.,l,152,76,,,2,6,6,4,5,7,,,,,1,2,Completed,2.025,2.15,1.9,2.417910448,1.5,1.5,1.5,1.705263158,2,x,x,x,x,x,x,x,x
78-a,3,Doha,1/1/2001,International,Outdoor,Hard,1st Round,3,Voltchkov V.,Gaudio G.,w,46,34,,,3,6,6,2,6,3,,,,,2,1,Completed,1.52,1.61,1.45,1.692470838,2.1,2.4,1.9,2.444104135,3,x,x,x,x,x,x,x,x
78-b,3,Doha,1/1/2001,International,Outdoor,Hard,1st Round,3,Gaudio G.,Voltchkov V.,l,34,46,,,6,3,2,6,3,6,,,,,1,2,Completed,2.1,2.4,1.9,2.444104135,1.52,1.61,1.45,1.692470838,3,x,x,x,x,x,x,x,x
79-a,3,Doha,1/1/2001,International,Outdoor,Hard,2nd Round,3,Arazi H.,di Pasquale A.,w,30,60,,,6,4,7,5,,,,,,,2,0,Completed,1.65,1.7,1.62,1.829424307,1.95,2.2,1.7,2.205655527,3,xw,xw,xw,xw,xww,xww,xww,xww
79-b,3,Doha,1/1/2001,International,Outdoor,Hard,2nd Round,3,di Pasquale A.,Arazi H.,l,60,30,,,4,6,5,7,,,,,,,0,2,Completed,1.95,2.2,1.7,2.205655527,1.65,1.7,1.62,1.829424307,3,xw,xw,xw,xw,xww,xww,xww,xww
80-a,3,Doha,1/1/2001,International,Outdoor,Hard,2nd Round,3,Escude N.,Boutter J.,w,48,70,,,6,3,6,4,,,,,,,2,0,Completed,1.4275,1.5,1.36,1.550064386,2.4375,2.9,2.1,2.817968997,4,x,x,x,x,x,x,x,x
80-b,3,Doha,1/1/2001,International,Outdoor,Hard,2nd Round,3,Boutter J.,Escude N.,l,70,48,,,3,6,4,6,,,,,,,0,2,Completed,2.4375,2.9,2.1,2.817968997,1.4275,1.5,1.36,1.550064386,4,x,x,x,x,x,x,x,x
81-a,3,Doha,1/1/2001,International,Outdoor,Hard,2nd Round,3,Kafelnikov Y.,Jonsson F.,w,5,203,,,6,3,7,6,,,,,,,2,0,Completed,1.16,1.18,1.14,1.244329052,3.925,5,3,5.092841163,4,xw,xw,xw,xw,xww,xww,xww,xww
81-b,3,Doha,1/1/2001,International,Outdoor,Hard,2nd Round,3,Jonsson F.,Kafelnikov Y.,l,203,5,,,3,6,6,7,,,,,,,0,2,Completed,3.925,5,3,5.092841163,1.16,1.18,1.14,1.244329052,4,xw,xw,xw,xw,xww,xww,xww,xww
82-a,3,Doha,1/1/2001,International,Outdoor,Hard,2nd Round,3,Kiefer N.,Calatrava A.,w,20,56,,,6,0,7,6,,,,,,,2,0,Completed,1.3,1.31,1.29,1.405569857,2.8875,3.25,2.4,3.465666474,4,xw,xw,xw,xw,xwwl,xwwl,xwlw,xwlw
82-b,3,Doha,1/1/2001,International,Outdoor,Hard,2nd Round,3,Calatrava A.,Kiefer N.,l,56,20,,,0,6,6,7,,,,,,,0,2,Completed,2.8875,3.25,2.4,3.465666474,1.3,1.31,1.29,1.405569857,4,xw,xw,xw,xw,xwlw,xwlw,xwwl,xwwl
83-a,3,Doha,1/1/2001,International,Outdoor,Hard,2nd Round,3,Rios M.,Pozzi G.,w,37,43,,,6,2,6,2,,,,,,,2,0,Completed,1.405,1.44,1.38,1.527972555,2.4825,2.8,2.1,2.894037846,4,xw,xw,x,x,xwlw,xwlw,x,x
83-b,3,Doha,1/1/2001,International,Outdoor,Hard,2nd Round,3,Pozzi G.,Rios M.,l,43,37,,,2,6,2,6,,,,,,,0,2,Completed,2.4825,2.8,2.1,2.894037846,1.405,1.44,1.38,1.527972555,4,x,x,xw,xw,x,x,xwlw,xwlw
84-a,3,Doha,1/1/2001,International,Outdoor,Hard,2nd Round,3,Ulihrach B.,Rosset M.,w,76,28,,,6,2,6,3,,,,,,,2,0,Completed,2.4125,2.65,2.2,2.815781362,1.42,1.5,1.35,1.550727098,4,xw,xw,x,x,xwlw,xwlw,x,x
84-b,3,Doha,1/1/2001,International,Outdoor,Hard,2nd Round,3,Rosset M.,Ulihrach B.,l,28,76,,,2,6,3,6,,,,,,,0,2,Completed,1.42,1.5,1.35,1.550727098,2.4125,2.65,2.2,2.815781362,4,x,x,xw,xw,x,x,xwlw,xwlw
85-a,3,Doha,1/1/2001,International,Outdoor,Hard,2nd Round,3,Vicente F.,Schalken S.,w,47,22,,,6,1,5,7,6,1,,,,,2,1,Completed,2.31,2.88,1.9,2.68518716,1.453333333,1.5,1.36,1.593405898,3,x,x,xw,xw,x,x,xww,xww
85-b,3,Doha,1/1/2001,International,Outdoor,Hard,2nd Round,3,Schalken S.,Vicente F.,l,22,47,,,1,6,7,5,1,6,,,,,1,2,Completed,1.453333333,1.5,1.36,1.593405898,2.31,2.88,1.9,2.68518716,3,xw,xw,x,x,xww,xww,x,x
86-a,3,Doha,1/1/2001,International,Outdoor,Hard,2nd Round,3,Voltchkov V.,Mirnyi M.,w,46,40,,,4,6,6,3,7,5,,,,,2,1,Completed,2.0025,2.3,1.8,2.260049279,1.6275,1.71,1.53,1.793619755,4,xw,xw,xw,xw,xwwl,xwwl,xww,xww
86-b,3,Doha,1/1/2001,International,Outdoor,Hard,2nd Round,3,Mirnyi M.,Voltchkov V.,l,40,46,,,6,4,3,6,5,7,,,,,1,2,Completed,1.6275,1.71,1.53,1.793619755,2.0025,2.3,1.8,2.260049279,4,xw,xw,xw,xw,xww,xww,xwwl,xwwl
87-a,3,Doha,1/1/2001,International,Outdoor,Hard,Quarterfinals,3,Escude N.,Arazi H.,w,48,30,,,6,3,6,1,,,,,,,2,0,Completed,1.6825,1.73,1.65,1.860684727,1.925,2.1,1.7,2.161865626,4,xw,xw,xww,xww,xww,xww,xwwww,xwwww
87-b,3,Doha,1/1/2001,International,Outdoor,Hard,Quarterfinals,3,Arazi H.,Escude N.,l,30,48,,,3,6,1,6,,,,,,,0,2,Completed,1.925,2.1,1.7,2.161865626,1.6825,1.73,1.65,1.860684727,4,xww,xww,xw,xw,xwwww,xwwww,xww,xww
88-a,3,Doha,1/1/2001,International,Outdoor,Hard,Quarterfinals,3,Rios M.,Vicente F.,w,37,47,,,7,5,7,5,,,,,,,2,0,Completed,1.4075,1.45,1.33,1.528503312,2.4875,2.75,2,2.892135731,4,xww,xww,xw,xw,xwwwlw,xwwwlw,xwlw,xwlw
88-b,3,Doha,1/1/2001,International,Outdoor,Hard,Quarterfinals,3,Vicente F.,Rios M.,l,47,37,,,5,7,5,7,,,,,,,0,2,Completed,2.4875,2.75,2,2.892135731,1.4075,1.45,1.33,1.528503312,4,xw,xw,xww,xww,xwlw,xwlw,xwwwlw,xwwwlw
89-a,3,Doha,1/1/2001,International,Outdoor,Hard,Quarterfinals,3,Ulihrach B.,Kafelnikov Y.,w,76,5,,,1,6,7,6,6,4,,,,,2,1,Completed,2.9625,3.25,2.55,3.595164731,1.28,1.35,1.2,1.385331994,4,xww,xww,xww,xww,xwwwlw,xwwwlw,xwwww,xwwww
89-b,3,Doha,1/1/2001,International,Outdoor,Hard,Quarterfinals,3,Kafelnikov Y.,Ulihrach B.,l,5,76,,,6,1,6,7,4,6,,,,,1,2,Completed,1.28,1.35,1.2,1.385331994,2.9625,3.25,2.55,3.595164731,4,xww,xww,xww,xww,xwwww,xwwww,xwwwlw,xwwwlw
90-a,3,Doha,1/1/2001,International,Outdoor,Hard,Quarterfinals,3,Voltchkov V.,Kiefer N.,w,46,20,,,6,2,6,1,,,,,,,2,0,Completed,2.425,2.75,2,2.819349731,1.4225,1.45,1.4,1.549646933,4,xww,xww,xww,xww,xwwlwwl,xwwlwwl,xwwwwl,xwwwwl
90-b,3,Doha,1/1/2001,International,Outdoor,Hard,Quarterfinals,3,Kiefer N.,Voltchkov V.,l,20,46,,,2,6,1,6,,,,,,,0,2,Completed,1.4225,1.45,1.4,1.549646933,2.425,2.75,2,2.819349731,4,xww,xww,xww,xww,xwwwwl,xwwwwl,xwwlwwl,xwwlwwl
91-a,3,Doha,1/1/2001,International,Outdoor,Hard,Semifinals,3,Rios M.,Voltchkov V.,w,37,46,,,6,1,6,3,,,,,,,2,0,Completed,1.54,1.62,1.47,1.692742817,2.1375,2.25,1.9,2.443537162,4,xwww,xwww,xwww,xwww,xwwwwwlw,xwwwwwlw,xwwwwlwwl,xwwwwlwwl
91-b,3,Doha,1/1/2001,International,Outdoor,Hard,Semifinals,3,Voltchkov V.,Rios M.,l,46,37,,,1,6,3,6,,,,,,,0,2,Completed,2.1375,2.25,1.9,2.443537162,1.54,1.62,1.47,1.692742817,4,xwww,xwww,xwww,xwww,xwwwwlwwl,xwwwwlwwl,xwwwwwlw,xwwwwwlw
92-a,3,Doha,1/1/2001,International,Outdoor,Hard,Semifinals,3,Ulihrach B.,Escude N.,w,76,48,,,3,6,7,5,7,6,,,,,2,1,Completed,2.3375,2.7,2,2.679612836,1.4675,1.5,1.42,1.595375302,4,xwww,xwww,xww,xww,xwwlwwwlw,xwwlwwwlw,xwwww,xwwww
92-b,3,Doha,1/1/2001,International,Outdoor,Hard,Semifinals,3,Escude N.,Ulihrach B.,l,48,76,,,6,3,5,7,6,7,,,,,1,2,Completed,1.4675,1.5,1.42,1.595375302,2.3375,2.7,2,2.679612836,4,xww,xww,xwww,xwww,xwwww,xwwww,xwwlwwwlw,xwwlwwwlw
93-a,3,Doha,1/1/2001,International,Outdoor,Hard,The Final,3,Rios M.,Ulihrach B.,w,37,76,,,6,3,2,6,6,3,,,,,2,1,Completed,1.3575,1.4,1.33,1.477243291,2.6125,3,2.2,3.095367327,4,xwwww,xwwww,xwwww,xwwww,xwwwwwwwlw,xwwwwwwwlw,xwwlwwlwwwlw,xwwlwwlwwwlw
93-b,3,Doha,1/1/2001,International,Outdoor,Hard,The Final,3,Ulihrach B.,Rios M.,l,76,37,,,3,6,6,2,3,6,,,,,1,2,Completed,2.6125,3,2.2,3.095367327,1.3575,1.4,1.33,1.477243291,4,xwwww,xwwww,xwwww,xwwww,xwwlwwlwwwlw,xwwlwwlwwwlw,xwwwwwwwlw,xwwwwwwwlw
95-a,4,Auckland,8/1/2001,International,Outdoor,Hard,1st Round,3,Black B.,Portas A.,w,35,49,,,2,6,6,2,6,4,,,,,2,1,Completed,1.405,1.47,1.35,1.531801265,2.4625,2.75,2.2,2.880401696,4,xl,xl,xl,xl,xll,xll,xll,xll
95-b,4,Auckland,8/1/2001,International,Outdoor,Hard,1st Round,3,Portas A.,Black B.,l,49,35,,,6,2,2,6,4,6,,,,,1,2,Completed,2.4625,2.75,2.2,2.880401696,1.405,1.47,1.35,1.531801265,4,xl,xl,xl,xl,xll,xll,xll,xll
96-a,4,Auckland,8/1/2001,International,Outdoor,Hard,1st Round,3,Calatrava A.,Calleri A.,w,53,64,,,6,3,1,6,6,3,,,,,2,1,Completed,1.6325,1.7,1.6,1.797660014,2,2.2,1.8,2.253666954,4,xlw,xlw,x,x,xllwlw,xllwlw,x,x
96-b,4,Auckland,8/1/2001,International,Outdoor,Hard,1st Round,3,Calleri A.,Calatrava A.,l,64,53,,,3,6,6,1,3,6,,,,,1,2,Completed,2,2.2,1.8,2.253666954,1.6325,1.7,1.6,1.797660014,4,x,x,xlw,xlw,x,x,xllwlw,xllwlw
97-a,4,Auckland,8/1/2001,International,Outdoor,Hard,1st Round,3,Clavet F.,Chela J.I.,w,47,65,,,6,3,6,4,,,,,,,2,0,Completed,1.55,1.6,1.5,1.700350449,2.1325,2.38,1.9,2.427856585,4,xl,xl,x,x,xll,xll,x,x
97-b,4,Auckland,8/1/2001,International,Outdoor,Hard,1st Round,3,Chela J.I.,Clavet F.,l,65,47,,,3,6,4,6,,,,,,,0,2,Completed,2.1325,2.38,1.9,2.427856585,1.55,1.6,1.5,1.700350449,4,x,x,xl,xl,x,x,xll,xll
99-a,4,Auckland,8/1/2001,International,Outdoor,Hard,1st Round,3,Gambill J.M.,Massu N.,w,33,67,,,7,6,6,4,,,,,,,2,0,Completed,1.5125,1.55,1.5,1.647134872,2.2375,2.5,1.85,2.54527293,4,x,x,xlww,xlww,x,x,xllwwlww,xllwwlww
99-b,4,Auckland,8/1/2001,International,Outdoor,Hard,1st Round,3,Massu N.,Gambill J.M.,l,67,33,,,6,7,4,6,,,,,,,0,2,Completed,2.2375,2.5,1.85,2.54527293,1.5125,1.55,1.5,1.647134872,4,xlww,xlww,x,x,xllwwlww,xllwwlww,x,x
101-a,4,Auckland,8/1/2001,International,Outdoor,Hard,1st Round,3,Johansson T.,Boutter J.,w,36,68,,,6,4,6,4,,,,,,,2,0,Completed,1.4,1.4,1.4,1.524070022,2.4875,2.75,2.1,2.908141962,4,xl,xl,xl,xl,xlwl,xlwl,xll,xll
101-b,4,Auckland,8/1/2001,International,Outdoor,Hard,1st Round,3,Boutter J.,Johansson T.,l,68,36,,,4,6,4,6,,,,,,,0,2,Completed,2.4875,2.75,2.1,2.908141962,1.4,1.4,1.4,1.524070022,4,xl,xl,xl,xl,xll,xll,xlwl,xlwl
110-a,4,Auckland,8/1/2001,International,Outdoor,Hard,2nd Round,3,Balcells J.,Medvedev A.,w,74,58,,,6,2,6,4,,,,,,,2,0,Completed,1.975,2,1.9,2.2496045,1.62,1.73,1.5,1.8002532,4,x,x,x,x,x,x,x,x
110-b,4,Auckland,8/1/2001,International,Outdoor,Hard,2nd Round,3,Medvedev A.,Balcells J.,l,58,74,,,2,6,4,6,,,,,,,0,2,Completed,1.62,1.73,1.5,1.8002532,1.975,2,1.9,2.2496045,4,x,x,x,x,x,x,x,x
111-a,4,Auckland,8/1/2001,International,Outdoor,Hard,2nd Round,3,Clavet F.,Russell M.,w,47,154,,,3,6,6,1,7,6,,,,,2,1,Completed,1.52,1.57,1.44,1.673735726,2.16,2.63,1.85,2.484261501,3,xwl,xwl,x,x,xwwll,xwwll,x,x
111-b,4,Auckland,8/1/2001,International,Outdoor,Hard,2nd Round,3,Russell M.,Clavet F.,l,154,47,,,6,3,1,6,6,7,,,,,1,2,Completed,2.16,2.63,1.85,2.484261501,1.52,1.57,1.44,1.673735726,3,x,x,xwl,xwl,x,x,xwwll,xwwll
112-a,4,Auckland,8/1/2001,International,Outdoor,Hard,2nd Round,3,Gambill J.M.,Vinciguerra A.,w,33,50,,,6,4,6,4,,,,,,,2,0,Completed,1.5625,1.6,1.53,1.711886305,2.12,2.38,1.85,2.404718693,4,xw,xw,xlw,xlw,xww,xww,xllww,xllww
112-b,4,Auckland,8/1/2001,International,Outdoor,Hard,2nd Round,3,Vinciguerra A.,Gambill J.M.,l,50,33,,,4,6,4,6,,,,,,,0,2,Completed,2.12,2.38,1.85,2.404718693,1.5625,1.6,1.53,1.711886305,4,xlw,xlw,xw,xw,xllww,xllww,xww,xww
113-a,4,Auckland,8/1/2001,International,Outdoor,Hard,2nd Round,3,Hrbaty D.,Zabaleta M.,w,17,62,,,4,6,6,3,6,3,,,,,2,1,Completed,1.4775,1.53,1.4,1.61025884,2.3,2.75,1.9,2.638648937,4,x,x,xl,xl,x,x,xll,xll
113-b,4,Auckland,8/1/2001,International,Outdoor,Hard,2nd Round,3,Zabaleta M.,Hrbaty D.,l,62,17,,,6,4,3,6,3,6,,,,,1,2,Completed,2.3,2.75,1.9,2.638648937,1.4775,1.53,1.4,1.61025884,4,xl,xl,x,x,xll,xll,x,x
114-a,4,Auckland,8/1/2001,International,Outdoor,Hard,2nd Round,3,Johansson T.,Martelli M.,w,36,281,,,6,4,6,3,,,,,,,2,0,Completed,1.28,1.3,1.25,1.4002574,2.833333333,3.25,2.6,3.498392283,3,xwl,xwl,x,x,xwwlwl,xwwlwl,x,x
114-b,4,Auckland,8/1/2001,International,Outdoor,Hard,2nd Round,3,Martelli M.,Johansson T.,l,281,36,,,4,6,3,6,,,,,,,0,2,Completed,2.833333333,3.25,2.6,3.498392283,1.28,1.3,1.25,1.4002574,3,x,x,xwl,xwl,x,x,xwwlwl,xwwlwl
115-a,4,Auckland,8/1/2001,International,Outdoor,Hard,2nd Round,3,Koubek S.,Calatrava A.,w,52,53,,,6,3,7,6,,,,,,,2,0,Completed,1.795,1.83,1.75,2.015862189,1.77,1.9,1.65,1.984385491,4,xl,xl,xwlw,xwlw,xlwl,xlwl,xwlwllwlw,xwlwllwlw
115-b,4,Auckland,8/1/2001,International,Outdoor,Hard,2nd Round,3,Calatrava A.,Koubek S.,l,53,52,,,3,6,6,7,,,,,,,0,2,Completed,1.77,1.9,1.65,1.984385491,1.795,1.83,1.75,2.015862189,4,xwlw,xwlw,xl,xl,xwlwllwlw,xwlwllwlw,xlwl,xlwl
116-a,4,Auckland,8/1/2001,International,Outdoor,Hard,2nd Round,3,Rusedski G.,Black B.,w,73,35,,,6,1,7,6,,,,,,,2,0,Completed,1.475,1.5,1.45,1.621374046,2.25,2.5,2,2.609336609,4,x,x,xwl,xwl,x,x,xwwlll,xwwlll
116-b,4,Auckland,8/1/2001,International,Outdoor,Hard,2nd Round,3,Black B.,Rusedski G.,l,35,73,,,1,6,6,7,,,,,,,0,2,Completed,2.25,2.5,2,2.609336609,1.475,1.5,1.45,1.621374046,4,xwl,xwl,x,x,xwwlll,xwwlll,x,x
117-a,4,Auckland,8/1/2001,International,Outdoor,Hard,2nd Round,3,Weiner G.,di Pasquale A.,w,277,61,,,6,2,3,6,6,1,,,,,2,1,Completed,2.55,2.75,2.4,3.070234114,1.35,1.4,1.3,1.483037157,3,x,x,xlw,xlw,x,x,xllww,xllww
117-b,4,Auckland,8/1/2001,International,Outdoor,Hard,2nd Round,3,di Pasquale A.,Weiner G.,l,61,277,,,2,6,6,3,1,6,,,,,1,2,Completed,1.35,1.4,1.3,1.483037157,2.55,2.75,2.4,3.070234114,3,xlw,xlw,x,x,xllww,xllww,x,x
118-a,4,Auckland,8/1/2001,International,Outdoor,Hard,Quarterfinals,3,Balcells J.,Weiner G.,w,74,277,,,6,3,6,4,,,,,,,2,0,Completed,1.54,1.57,1.5,1.716031632,2.066666667,2.25,1.85,2.396586345,3,xw,xw,xw,xw,xww,xww,xwlw,xwlw
118-b,4,Auckland,8/1/2001,International,Outdoor,Hard,Quarterfinals,3,Weiner G.,Balcells J.,l,277,74,,,3,6,4,6,,,,,,,0,2,Completed,2.066666667,2.25,1.85,2.396586345,1.54,1.57,1.5,1.716031632,3,xw,xw,xw,xw,xwlw,xwlw,xww,xww
119-a,4,Auckland,8/1/2001,International,Outdoor,Hard,Quarterfinals,3,Clavet F.,Gambill J.M.,w,47,33,,,6,4,6,4,,,,,,,2,0,Completed,2.5875,3,2.1,3.046243085,1.37,1.4,1.33,1.488700491,4,xwwl,xwwl,xww,xww,xwwlwwll,xwwlwwll,xwwww,xwwww
119-b,4,Auckland,8/1/2001,International,Outdoor,Hard,Quarterfinals,3,Gambill J.M.,Clavet F.,l,33,47,,,4,6,4,6,,,,,,,0,2,Completed,1.37,1.4,1.33,1.488700491,2.5875,3,2.1,3.046243085,4,xww,xww,xwwl,xwwl,xwwww,xwwww,xwwlwwll,xwwlwwll
120-a,4,Auckland,8/1/2001,International,Outdoor,Hard,Quarterfinals,3,Hrbaty D.,Johansson T.,w,17,36,,,6,7,6,3,6,2,,,,,2,1,Completed,1.7075,1.8,1.65,1.894208076,1.8875,2,1.75,2.11830795,4,xw,xw,xwwl,xwwl,xwwl,xwwl,xwwwwlwl,xwwwwlwl
120-b,4,Auckland,8/1/2001,International,Outdoor,Hard,Quarterfinals,3,Johansson T.,Hrbaty D.,l,36,17,,,7,6,3,6,2,6,,,,,1,2,Completed,1.8875,2,1.75,2.11830795,1.7075,1.8,1.65,1.894208076,4,xwwl,xwwl,xw,xw,xwwwwlwl,xwwwwlwl,xwwl,xwwl
121-a,4,Auckland,8/1/2001,International,Outdoor,Hard,Quarterfinals,3,Rusedski G.,Koubek S.,w,73,52,,,6,2,5,7,7,5,,,,,2,1,Completed,1.396666667,1.44,1.35,1.540638395,2.393333333,2.63,2.2,2.849665154,3,xw,xw,xwl,xwl,xww,xww,xwwlwl,xwwlwl
121-b,4,Auckland,8/1/2001,International,Outdoor,Hard,Quarterfinals,3,Koubek S.,Rusedski G.,l,52,73,,,2,6,7,5,5,7,,,,,1,2,Completed,2.393333333,2.63,2.2,2.849665154,1.396666667,1.44,1.35,1.540638395,3,xwl,xwl,xw,xw,xwwlwl,xwwlwl,xww,xww
124-a,4,Auckland,8/1/2001,International,Outdoor,Hard,The Final,3,Hrbaty D.,Clavet F.,w,17,47,,,4,6,6,2,6,3,,,,,2,1,Completed,1.45,1.5,1.4,1.601949634,2.266666667,2.5,2,2.661268556,3,xww,xww,xwwwl,xwwwl,xwwlwwl,xwwlwwl,xwwwwlwwll,xwwwwlwwll
124-b,4,Auckland,8/1/2001,International,Outdoor,Hard,The Final,3,Clavet F.,Hrbaty D.,l,47,17,,,6,4,2,6,3,6,,,,,1,2,Completed,2.266666667,2.5,2,2.661268556,1.45,1.5,1.4,1.601949634,3,xwwwl,xwwwl,xww,xww,xwwwwlwwll,xwwwwlwwll,xwwlwwl,xwwlwwl
125-a,5,Sydney,8/1/2001,International,Outdoor,Hard,1st Round,3,Bastl G.,Moya C.,w,118,40,,,6,1,7,6,,,,,,,2,0,Completed,2.283333333,2.6,2,2.661495032,1.456666667,1.47,1.45,1.601867584,3,xl,xl,x,x,xlwl,xlwl,x,x
125-b,5,Sydney,8/1/2001,International,Outdoor,Hard,1st Round,3,Moya C.,Bastl G.,l,40,118,,,1,6,6,7,,,,,,,0,2,Completed,1.456666667,1.47,1.45,1.601867584,2.283333333,2.6,2,2.661495032,3,x,x,xl,xl,x,x,xlwl,xlwl
126-a,5,Sydney,8/1/2001,International,Outdoor,Hard,1st Round,3,Bjorkman J.,Pioline C.,w,44,16,,,7,6,6,2,,,,,,,2,0,Completed,1.87,1.95,1.8,2.116875094,1.695,1.83,1.6,1.895355269,4,xl,xl,xlww,xlww,xllw,xllw,xllwwlwwl,xllwwlwwl
126-b,5,Sydney,8/1/2001,International,Outdoor,Hard,1st Round,3,Pioline C.,Bjorkman J.,l,16,44,,,6,7,2,6,,,,,,,0,2,Completed,1.695,1.83,1.6,1.895355269,1.87,1.95,1.8,2.116875094,4,xlww,xlww,xl,xl,xllwwlwwl,xllwwlwwl,xllw,xllw
127-a,5,Sydney,8/1/2001,International,Outdoor,Hard,1st Round,3,Clement A.,Ulihrach B.,w,18,57,,,6,1,3,0,,,,,,,1,0,Retired,1.4825,1.55,1.4,1.627204307,2.245,2.5,2,2.594376806,4,xl,xl,xlwwww,xlwwww,xll,xll,xlwlwwlwwlwwwlw,xlwlwwlwwlwwwlw
127-b,5,Sydney,8/1/2001,International,Outdoor,Hard,1st Round,3,Ulihrach B.,Clement A.,l,57,18,,,1,6,0,3,,,,,,,0,1,Retired,2.245,2.5,2,2.594376806,1.4825,1.55,1.4,1.627204307,4,xlwwww,xlwwww,xl,xl,xlwlwwlwwlwwwlw,xlwlwwlwwlwwwlw,xll,xll
128-a,5,Sydney,8/1/2001,International,Outdoor,Hard,1st Round,3,Federer R.,Ferreira W.,w,30,13,,,6,3,6,4,,,,,,,2,0,Completed,1.645,1.73,1.6,1.826346879,1.95,2.2,1.8,2.210145552,4,x,x,x,x,x,x,x,x
128-b,5,Sydney,8/1/2001,International,Outdoor,Hard,1st Round,3,Ferreira W.,Federer R.,l,13,30,,,3,6,4,6,,,,,,,0,2,Completed,1.95,2.2,1.8,2.210145552,1.645,1.73,1.6,1.826346879,4,x,x,x,x,x,x,x,x
130-a,5,Sydney,8/1/2001,International,Outdoor,Hard,1st Round,3,Haas T.,Martin T.,w,20,54,,,6,3,6,2,,,,,,,2,0,Completed,1.4825,1.53,1.45,1.627204307,2.245,2.5,1.9,2.594376806,4,xwwww,xwwww,x,x,xwwwlwwwww,xwwwlwwwww,x,x
130-b,5,Sydney,8/1/2001,International,Outdoor,Hard,1st Round,3,Martin T.,Haas T.,l,54,20,,,3,6,2,6,,,,,,,0,2,Completed,2.245,2.5,1.9,2.594376806,1.4825,1.53,1.45,1.627204307,4,x,x,xwwww,xwwww,x,x,xwwwlwwwww,xwwwlwwwww
131-a,5,Sydney,8/1/2001,International,Outdoor,Hard,1st Round,3,Hewitt L.,Arthurs W.,w,7,84,,,6,7,7,6,6,2,,,,,2,1,Completed,1.2225,1.28,1.2,1.313376181,3.3875,4,2.8,4.191052989,4,xlww,xlww,xl,xl,xlwlwwlww,xlwlwwlww,xll,xll
131-b,5,Sydney,8/1/2001,International,Outdoor,Hard,1st Round,3,Arthurs W.,Hewitt L.,l,84,7,,,7,6,6,7,2,6,,,,,1,2,Completed,3.3875,4,2.8,4.191052989,1.2225,1.28,1.2,1.313376181,4,xl,xl,xlww,xlww,xll,xll,xlwlwwlww,xlwlwwlww
133-a,5,Sydney,8/1/2001,International,Outdoor,Hard,1st Round,3,Norman M.,Pavel A.,w,4,27,,,6,3,7,5,,,,,,,2,0,Completed,1.425,1.45,1.4,1.552154833,2.42,2.63,2.1,2.811086203,4,xl,xl,x,x,xll,xll,x,x
133-b,5,Sydney,8/1/2001,International,Outdoor,Hard,1st Round,3,Pavel A.,Norman M.,l,27,4,,,3,6,5,7,,,,,,,0,2,Completed,2.42,2.63,2.1,2.811086203,1.425,1.45,1.4,1.552154833,4,x,x,xl,xl,x,x,xll,xll
135-a,5,Sydney,8/1/2001,International,Outdoor,Hard,1st Round,3,Rochus C.,Mirnyi M.,w,76,43,,,6,3,6,1,,,,,,,2,0,Completed,2.133333333,2.4,1.9,2.484369632,1.506666667,1.52,1.5,1.673686647,3,x,x,xlw,xlw,x,x,xllwww,xllwww
135-b,5,Sydney,8/1/2001,International,Outdoor,Hard,1st Round,3,Mirnyi M.,Rochus C.,l,43,76,,,3,6,1,6,,,,,,,0,2,Completed,1.506666667,1.52,1.5,1.673686647,2.133333333,2.4,1.9,2.484369632,3,xlw,xlw,x,x,xllwww,xllwww,x,x
136-a,5,Sydney,8/1/2001,International,Outdoor,Hard,1st Round,3,Rosset M.,Voltchkov V.,w,29,39,,,4,6,7,6,6,2,,,,,2,1,Completed,1.72,1.83,1.6,1.917476894,1.8575,1.9,1.8,2.089945706,4,xl,xl,xlwww,xlwww,xll,xll,xllwwwwlwwl,xllwwwwlwwl
136-b,5,Sydney,8/1/2001,International,Outdoor,Hard,1st Round,3,Voltchkov V.,Rosset M.,l,39,29,,,6,4,6,7,2,6,,,,,1,2,Completed,1.8575,1.9,1.8,2.089945706,1.72,1.83,1.6,1.917476894,4,xlwww,xlwww,xl,xl,xllwwwwlwwl,xllwwwwlwwl,xll,xll
139-a,5,Sydney,8/1/2001,International,Outdoor,Hard,1st Round,3,Stoltenberg J.,Draper S.,w,63,263,,,7,5,4,6,6,4,,,,,2,1,Completed,1.323333333,1.42,1.25,1.451053412,2.65,2.75,2.6,3.217032337,3,xww,xww,x,x,xwwww,xwwww,x,x
139-b,5,Sydney,8/1/2001,International,Outdoor,Hard,1st Round,3,Draper S.,Stoltenberg J.,l,263,63,,,5,7,6,4,4,6,,,,,1,2,Completed,2.65,2.75,2.6,3.217032337,1.323333333,1.42,1.25,1.451053412,3,x,x,xww,xww,x,x,xwwww,xwwww
140-a,5,Sydney,8/1/2001,International,Outdoor,Hard,1st Round,3,Woodbridge T.,Tarango J.,w,188,112,,,7,6,6,2,,,,,,,2,0,Completed,1.933333333,2.15,1.75,2.194954128,1.65,1.65,1.65,1.836852207,3,x,x,x,x,x,x,x,x
140-b,5,Sydney,8/1/2001,International,Outdoor,Hard,1st Round,3,Tarango J.,Woodbridge T.,l,112,188,,,6,7,2,6,,,,,,,0,2,Completed,1.65,1.65,1.65,1.836852207,1.933333333,2.15,1.75,2.194954128,3,x,x,x,x,x,x,x,x
142-a,5,Sydney,8/1/2001,International,Outdoor,Hard,2nd Round,3,Bjorkman J.,Stoltenberg J.,w,44,63,,,6,4,3,6,7,6,,,,,2,1,Completed,1.7275,1.75,1.7,1.906450699,1.8875,2,1.7,2.103203959,4,xwl,xwl,xwww,xwww,xwwllw,xwwllw,xwlwwwww,xwlwwwww
142-b,5,Sydney,8/1/2001,International,Outdoor,Hard,2nd Round,3,Stoltenberg J.,Bjorkman J.,l,63,44,,,4,6,6,3,6,7,,,,,1,2,Completed,1.8875,2,1.7,2.103203959,1.7275,1.75,1.7,1.906450699,4,xwww,xwww,xwl,xwl,xwlwwwww,xwlwwwww,xwwllw,xwwllw
143-a,5,Sydney,8/1/2001,International,Outdoor,Hard,2nd Round,3,Federer R.,Rosset M.,w,30,29,,,6,1,6,2,,,,,,,2,0,Completed,1.605,1.7,1.5,1.757153521,2.0625,2.45,1.8,2.320736116,4,xw,xw,xwl,xwl,xww,xww,xwwlll,xwwlll
143-b,5,Sydney,8/1/2001,International,Outdoor,Hard,2nd Round,3,Rosset M.,Federer R.,l,29,30,,,1,6,2,6,,,,,,,0,2,Completed,2.0625,2.45,1.8,2.320736116,1.605,1.7,1.5,1.757153521,4,xwl,xwl,xw,xw,xwwlll,xwwlll,xww,xww
144-a,5,Sydney,8/1/2001,International,Outdoor,Hard,2nd Round,3,Grosjean S.,Rochus C.,w,19,76,,,3,6,6,4,6,1,,,,,2,1,Completed,1.4475,1.51,1.36,1.570709717,2.395,2.88,1.9,2.752204266,4,x,x,xw,xw,x,x,xww,xww
144-b,5,Sydney,8/1/2001,International,Outdoor,Hard,2nd Round,3,Rochus C.,Grosjean S.,l,76,19,,,6,3,4,6,1,6,,,,,1,2,Completed,2.395,2.88,1.9,2.752204266,1.4475,1.51,1.36,1.570709717,4,xw,xw,x,x,xww,xww,x,x
145-a,5,Sydney,8/1/2001,International,Outdoor,Hard,2nd Round,3,Hewitt L.,Ilie A.,w,7,48,,,6,4,6,1,,,,,,,2,0,Completed,1.215,1.22,1.2,1.307185292,3.4125,4,2.8,4.255364187,4,xwlww,xwlww,x,x,xwwllwlwwlww,xwwllwlwwlww,x,x
145-b,5,Sydney,8/1/2001,International,Outdoor,Hard,2nd Round,3,Ilie A.,Hewitt L.,l,48,7,,,4,6,1,6,,,,,,,0,2,Completed,3.4125,4,2.8,4.255364187,1.215,1.22,1.2,1.307185292,4,x,x,xwlww,xwlww,x,x,xwwllwlwwlww,xwwllwlwwlww
146-a,5,Sydney,8/1/2001,International,Outdoor,Hard,2nd Round,3,Norman M.,Woodbridge T.,w,4,188,,,6,3,6,1,,,,,,,2,0,Completed,1.18,1.29,1.1,1.271824882,3.6375,4.2,3.25,4.678839079,4,xwl,xwl,xw,xw,xwwll,xwwll,xww,xww
146-b,5,Sydney,8/1/2001,International,Outdoor,Hard,2nd Round,3,Woodbridge T.,Norman M.,l,188,4,,,3,6,1,6,,,,,,,0,2,Completed,3.6375,4.2,3.25,4.678839079,1.18,1.29,1.1,1.271824882,4,xw,xw,xwl,xwl,xww,xww,xwwll,xwwll
147-a,5,Sydney,8/1/2001,International,Outdoor,Hard,2nd Round,3,Santoro F.,Pozzi G.,w,46,41,,,7,5,7,5,,,,,,,2,0,Completed,1.6475,1.67,1.62,1.817106159,1.975,2.2,1.75,2.223831187,4,x,x,xl,xl,x,x,xll,xll
147-b,5,Sydney,8/1/2001,International,Outdoor,Hard,2nd Round,3,Pozzi G.,Santoro F.,l,41,46,,,5,7,5,7,,,,,,,0,2,Completed,1.975,2.2,1.75,2.223831187,1.6475,1.67,1.62,1.817106159,4,xl,xl,x,x,xll,xll,x,x
148-a,5,Sydney,8/1/2001,International,Outdoor,Hard,2nd Round,3,Schuettler R.,Haas T.,w,60,20,,,7,6,7,6,,,,,,,2,0,Completed,2.4,2.7,2,2.764623677,1.4425,1.5,1.4,1.566693065,4,x,x,xwwwww,xwwwww,x,x,xwwwwwlwwwww,xwwwwwlwwwww
148-b,5,Sydney,8/1/2001,International,Outdoor,Hard,2nd Round,3,Haas T.,Schuettler R.,l,20,60,,,6,7,6,7,,,,,,,0,2,Completed,1.4425,1.5,1.4,1.566693065,2.4,2.7,2,2.764623677,4,xwwwww,xwwwww,x,x,xwwwwwlwwwww,xwwwwwlwwwww,x,x
150-a,5,Sydney,8/1/2001,International,Outdoor,Hard,Quarterfinals,3,Grosjean S.,Federer R.,w,19,30,,,7,5,6,4,,,,,,,2,0,Completed,2.05,2.3,1.85,2.325956272,1.5925,1.67,1.55,1.754172684,4,xw,xw,xww,xww,xwwl,xwwl,xwwww,xwwww
150-b,5,Sydney,8/1/2001,International,Outdoor,Hard,Quarterfinals,3,Federer R.,Grosjean S.,l,30,19,,,5,7,4,6,,,,,,,0,2,Completed,1.5925,1.67,1.55,1.754172684,2.05,2.3,1.85,2.325956272,4,xww,xww,xw,xw,xwwww,xwwww,xwwl,xwwl
151-a,5,Sydney,8/1/2001,International,Outdoor,Hard,Quarterfinals,3,Hewitt L.,Santoro F.,w,7,46,,,6,4,6,1,,,,,,,2,0,Completed,1.2825,1.33,1.25,1.386794874,2.9625,3.35,2.6,3.58534967,4,xwwlww,xwwlww,xw,xw,xwwwwllwlwwlww,xwwwwllwlwwlww,xww,xww
151-b,5,Sydney,8/1/2001,International,Outdoor,Hard,Quarterfinals,3,Santoro F.,Hewitt L.,l,46,7,,,4,6,1,6,,,,,,,0,2,Completed,2.9625,3.35,2.6,3.58534967,1.2825,1.33,1.25,1.386794874,4,xw,xw,xwwlww,xwwlww,xww,xww,xwwwwllwlwwlww,xwwwwllwlwwlww
152-a,5,Sydney,8/1/2001,International,Outdoor,Hard,Quarterfinals,3,Norman M.,Bastl G.,w,4,118,,,6,4,3,6,6,3,,,,,2,1,Completed,1.3025,1.33,1.28,1.410030196,2.8625,3.3,2.4,3.438844774,4,xwwl,xwwl,xwl,xwl,xwwwwll,xwwwwll,xwwlwl,xwwlwl
152-b,5,Sydney,8/1/2001,International,Outdoor,Hard,Quarterfinals,3,Bastl G.,Norman M.,l,118,4,,,4,6,6,3,3,6,,,,,1,2,Completed,2.8625,3.3,2.4,3.438844774,1.3025,1.33,1.28,1.410030196,4,xwl,xwl,xwwl,xwwl,xwwlwl,xwwlwl,xwwwwll,xwwwwll
153-a,5,Sydney,8/1/2001,International,Outdoor,Hard,Semifinals,3,Hewitt L.,Grosjean S.,w,7,19,,,6,3,4,6,6,4,,,,,2,1,Completed,1.3925,1.44,1.35,1.513652245,2.52,2.85,2.2,2.946842459,4,xwwwlww,xwwwlww,xww,xww,xwwwwwwllwlwwlww,xwwwwwwllwlwwlww,xwwwwl,xwwwwl
153-b,5,Sydney,8/1/2001,International,Outdoor,Hard,Semifinals,3,Grosjean S.,Hewitt L.,l,19,7,,,3,6,6,4,4,6,,,,,1,2,Completed,2.52,2.85,2.2,2.946842459,1.3925,1.44,1.35,1.513652245,4,xww,xww,xwwwlww,xwwwlww,xwwwwl,xwwwwl,xwwwwwwllwlwwlww,xwwwwwwllwlwwlww
154-a,5,Sydney,8/1/2001,International,Outdoor,Hard,Semifinals,3,Norman M.,Bjorkman J.,w,4,44,,,5,7,6,3,7,5,,,,,2,1,Completed,1.455,1.5,1.4,1.582272472,2.3625,2.75,1.9,2.717409027,4,xwwwl,xwwwl,xwwl,xwwl,xwlwwwwwll,xwlwwwwwll,xwlwwwllw,xwlwwwllw
154-b,5,Sydney,8/1/2001,International,Outdoor,Hard,Semifinals,3,Bjorkman J.,Norman M.,l,44,4,,,7,5,3,6,5,7,,,,,1,2,Completed,2.3625,2.75,1.9,2.717409027,1.455,1.5,1.4,1.582272472,4,xwwl,xwwl,xwwwl,xwwwl,xwlwwwllw,xwlwwwllw,xwlwwwwwll,xwlwwwwwll
155-a,5,Sydney,8/1/2001,International,Outdoor,Hard,The Final,3,Hewitt L.,Norman M.,w,7,4,,,6,4,6,1,,,,,,,2,0,Completed,1.6575,1.73,1.6,1.834024896,1.95,2.05,1.8,2.199004975,4,xwwwwlww,xwwwwlww,xwwwwl,xwwwwl,xwlwwwwwwwllwlwwlww,xwlwwwwwwwllwlwwlww,xwwlwlwwwwwll,xwwlwlwwwwwll
155-b,5,Sydney,8/1/2001,International,Outdoor,Hard,The Final,3,Norman M.,Hewitt L.,l,4,7,,,4,6,1,6,,,,,,,0,2,Completed,1.95,2.05,1.8,2.199004975,1.6575,1.73,1.6,1.834024896,4,xwwwwl,xwwwwl,xwwwwlww,xwwwwlww,xwwlwlwwwwwll,xwwlwlwwwwwll,xwlwwwwwwwllwlwwlww,xwlwwwwwwwllwlwwlww
178-a,6,Melbourne,15/01/01,Grand Slam,Outdoor,Hard,1st Round,5,Hewitt L.,Bjorkman J.,w,7,41,,,7,5,4,6,2,6,6,3,6,2,3,2,Completed,1.2325,1.31,1.15,1.315400102,3.4375,4.8,2.6,4.170576021,4,xwwwwwlww,xwwwwwlww,xlwwl,xlwwl,xwwwlwwwwwwwllwlwwlww,xwwwlwwwwwwwllwlwwlww,xllwwlwwwllw,xllwwlwwwllw
178-b,6,Melbourne,15/01/01,Grand Slam,Outdoor,Hard,1st Round,5,Bjorkman J.,Hewitt L.,l,41,7,,,5,7,6,4,6,2,3,6,2,6,2,3,Completed,3.4375,4.8,2.6,4.170576021,1.2325,1.31,1.15,1.315400102,4,xlwwl,xlwwl,xwwwwwlww,xwwwwwlww,xllwwlwwwllw,xllwwlwwwllw,xwwwlwwwwwwwllwlwwlww,xwwwlwwwwwwwllwlwwlww
220-a,6,Melbourne,15/01/01,Grand Slam,Outdoor,Hard,2nd Round,5,Agassi A.,Goldstein P.,w,6,80,,,6,1,6,3,6,1,,,,,3,0,Completed,1.055,1.07,1.05,1.118651256,6.25,8,4,9.428060769,4,x,x,xl,xl,x,x,xll,xll
220-b,6,Melbourne,15/01/01,Grand Slam,Outdoor,Hard,2nd Round,5,Goldstein P.,Agassi A.,l,80,6,,,1,6,3,6,1,6,,,,,0,3,Completed,6.25,8,4,9.428060769,1.055,1.07,1.05,1.118651256,4,xl,xl,x,x,xll,xll,x,x
221-a,6,Melbourne,15/01/01,Grand Slam,Outdoor,Hard,2nd Round,5,Arthurs W.,Heuberger I.,w,82,234,,,6,3,3,6,6,3,3,6,6,1,3,2,Completed,1.3225,1.33,1.3,1.434563069,2.7625,3,2.4,3.301161953,4,xll,xll,x,x,xllwll,xllwll,x,x
221-b,6,Melbourne,15/01/01,Grand Slam,Outdoor,Hard,2nd Round,5,Heuberger I.,Arthurs W.,l,234,82,,,3,6,6,3,3,6,6,3,1,6,2,3,Completed,2.7625,3,2.4,3.301161953,1.3225,1.33,1.3,1.434563069,4,x,x,xll,xll,x,x,xllwll,xllwll
222-a,6,Melbourne,15/01/01,Grand Slam,Outdoor,Hard,2nd Round,5,Burgsmuller L.,Koubek S.,w,185,48,,,7,6,6,4,6,3,,,,,3,0,Completed,2.5,2.6,2.4,2.815533981,1.45,1.5,1.4,1.550802139,3,x,x,xlwl,xlwl,x,x,xlwlwwlwl,xlwlwwlwl
222-b,6,Melbourne,15/01/01,Grand Slam,Outdoor,Hard,2nd Round,5,Koubek S.,Burgsmuller L.,l,48,185,,,6,7,4,6,3,6,,,,,0,3,Completed,1.45,1.5,1.4,1.550802139,2.5,2.6,2.4,2.815533981,3,xlwl,xlwl,x,x,xlwlwwlwl,xlwlwwlwl,x,x
223-a,6,Melbourne,15/01/01,Grand Slam,Outdoor,Hard,2nd Round,5,Calatrava A.,Coria G.,w,50,79,,,6,4,6,3,3,6,6,2,,,3,1,Completed,1.5275,1.67,1.4,1.677519183,2.1625,2.3,2.1,2.475972969,4,xlwlw,xlwlw,x,x,xllwlwllwlw,xllwlwllwlw,x,x
223-b,6,Melbourne,15/01/01,Grand Slam,Outdoor,Hard,2nd Round,5,Coria G.,Calatrava A.,l,79,50,,,4,6,3,6,6,3,2,6,,,1,3,Completed,2.1625,2.3,2.1,2.475972969,1.5275,1.67,1.4,1.677519183,4,x,x,xlwlw,xlwlw,x,x,xllwlwllwlw,xllwlwllwlw
224-a,6,Melbourne,15/01/01,Grand Slam,Outdoor,Hard,2nd Round,5,Chela J.I.,Levy H.,w,64,60,,,6,2,6,2,6,3,,,,,3,0,Completed,2.2,2.35,2,2.562827225,1.483333333,1.55,1.45,1.639865997,3,xl,xl,x,x,xll,xll,x,x
224-b,6,Melbourne,15/01/01,Grand Slam,Outdoor,Hard,2nd Round,5,Levy H.,Chela J.I.,l,60,64,,,2,6,2,6,3,6,,,,,0,3,Completed,1.483333333,1.55,1.45,1.639865997,2.2,2.35,2,2.562827225,3,x,x,xl,xl,x,x,xll,xll
225-a,6,Melbourne,15/01/01,Grand Slam,Outdoor,Hard,2nd Round,5,Clement A.,Martin A.,w,18,81,,,6,2,6,1,6,1,,,,,3,0,Completed,1.2725,1.29,1.25,1.376916141,3,3.25,2.6,3.653110048,4,xwl,xwl,xl,xl,xll,xll,xll,xll
225-b,6,Melbourne,15/01/01,Grand Slam,Outdoor,Hard,2nd Round,5,Martin A.,Clement A.,l,81,18,,,2,6,1,6,1,6,,,,,0,3,Completed,3,3.25,2.6,3.653110048,1.2725,1.29,1.25,1.376916141,4,xl,xl,xwl,xwl,xll,xll,xll,xll
226-a,6,Melbourne,15/01/01,Grand Slam,Outdoor,Hard,2nd Round,5,Federer R.,Escude N.,w,29,46,,,6,1,6,4,6,4,,,,,3,0,Completed,1.5075,1.53,1.5,1.655945727,2.195,2.4,1.9,2.524516372,4,xlww,xlww,xlww,xlww,xllwwww,xllwwww,xllwwwww,xllwwwww
226-b,6,Melbourne,15/01/01,Grand Slam,Outdoor,Hard,2nd Round,5,Escude N.,Federer R.,l,46,29,,,1,6,4,6,4,6,,,,,0,3,Completed,2.195,2.4,1.9,2.524516372,1.5075,1.53,1.5,1.655945727,4,xlww,xlww,xlww,xlww,xllwwwww,xllwwwww,xllwwww,xllwwww
227-a,6,Melbourne,15/01/01,Grand Slam,Outdoor,Hard,2nd Round,5,Ferreira W.,Boutter J.,w,13,67,,,3,6,6,2,6,2,6,3,,,3,1,Completed,1.275,1.33,1.25,1.378378378,3,3.5,2.6,3.642857143,4,xl,xl,xll,xll,xll,xll,xllll,xllll
227-b,6,Melbourne,15/01/01,Grand Slam,Outdoor,Hard,2nd Round,5,Boutter J.,Ferreira W.,l,67,13,,,6,3,2,6,2,6,3,6,,,1,3,Completed,3,3.5,2.6,3.642857143,1.275,1.33,1.25,1.378378378,4,xll,xll,xl,xl,xllll,xllll,xll,xll
228-a,6,Melbourne,15/01/01,Grand Slam,Outdoor,Hard,2nd Round,5,Grosjean S.,Siemerink J.,w,19,106,,,6,3,6,0,6,4,,,,,3,0,Completed,1.275,1.33,1.25,1.377065711,3.0125,3.55,2.6,3.652057644,4,xlww,xlww,x,x,xlwlwwwwl,xlwlwwwwl,x,x
228-b,6,Melbourne,15/01/01,Grand Slam,Outdoor,Hard,2nd Round,5,Siemerink J.,Grosjean S.,l,106,19,,,3,6,0,6,4,6,,,,,0,3,Completed,3.0125,3.55,2.6,3.652057644,1.275,1.33,1.25,1.377065711,4,x,x,xlww,xlww,x,x,xlwlwwwwl,xlwlwwwwl
229-a,6,Melbourne,15/01/01,Grand Slam,Outdoor,Hard,2nd Round,5,Henman T.,Lapentti N.,w,10,24,,,6,1,7,6,7,6,,,,,3,0,Completed,1.305,1.33,1.29,1.409982384,2.875,3.25,2.4,3.439129189,4,xw,xw,x,x,xwlw,xwlw,x,x
229-b,6,Melbourne,15/01/01,Grand Slam,Outdoor,Hard,2nd Round,5,Lapentti N.,Henman T.,l,24,10,,,1,6,6,7,6,7,,,,,0,3,Completed,2.875,3.25,2.4,3.439129189,1.305,1.33,1.29,1.409982384,4,x,x,xw,xw,x,x,xwlw,xwlw
230-a,6,Melbourne,15/01/01,Grand Slam,Outdoor,Hard,2nd Round,5,Hewitt L.,Haas T.,w,7,20,,,7,5,7,6,6,4,,,,,3,0,Completed,1.575,1.7,1.5,1.73902133,2.0625,2.2,1.9,2.353140917,4,xwwwwwwlww,xwwwwwwlww,xlwwwww,xlwwwww,xwwllwwwwlwwwwwwwllwlwwlww,xwwllwwwwlwwwwwwwllwlwwlww,xllwwwwwlwwwww,xllwwwwwlwwwww
230-b,6,Melbourne,15/01/01,Grand Slam,Outdoor,Hard,2nd Round,5,Haas T.,Hewitt L.,l,20,7,,,5,7,6,7,4,6,,,,,0,3,Completed,2.0625,2.2,1.9,2.353140917,1.575,1.7,1.5,1.73902133,4,xlwwwww,xlwwwww,xwwwwwwlww,xwwwwwwlww,xllwwwwwlwwwww,xllwwwwwlwwwww,xwwllwwwwlwwwwwwwllwlwwlww,xwwllwwwwlwwwwwwwllwlwwlww
231-a,6,Melbourne,15/01/01,Grand Slam,Outdoor,Hard,2nd Round,5,Hrbaty D.,Clavet F.,w,16,40,,,6,3,6,4,6,2,,,,,3,0,Completed,1.4375,1.5,1.4,1.563739377,2.4,2.75,2,2.773869347,4,xwww,xwww,xlwwwl,xlwwwl,xwwlwwlwwl,xwwlwwlwwl,xllwwwwwlwwll,xllwwwwwlwwll
231-b,6,Melbourne,15/01/01,Grand Slam,Outdoor,Hard,2nd Round,5,Clavet F.,Hrbaty D.,l,40,16,,,3,6,4,6,2,6,,,,,0,3,Completed,2.4,2.75,2,2.773869347,1.4375,1.5,1.4,1.563739377,4,xlwwwl,xlwwwl,xwww,xwww,xllwwwwwlwwll,xllwwwwwlwwll,xwwlwwlwwl,xwwlwwlwwl
232-a,6,Melbourne,15/01/01,Grand Slam,Outdoor,Hard,2nd Round,5,Ilie A.,Ferrero J.C.,w,49,12,,,3,6,6,2,6,1,1,6,6,2,3,2,Completed,2.875,3.25,2.4,3.43048624,1.3075,1.33,1.29,1.411440305,4,xl,xl,x,x,xll,xll,x,x
232-b,6,Melbourne,15/01/01,Grand Slam,Outdoor,Hard,2nd Round,5,Ferrero J.C.,Ilie A.,l,12,49,,,6,3,2,6,1,6,6,1,2,6,2,3,Completed,1.3075,1.33,1.29,1.411440305,2.875,3.25,2.4,3.43048624,4,x,x,xl,xl,x,x,xll,xll
233-a,6,Melbourne,15/01/01,Grand Slam,Outdoor,Hard,2nd Round,5,Johansson T.,Pozzi G.,w,34,43,,,7,6,7,5,6,3,,,,,3,0,Completed,1.295,1.33,1.25,1.399723984,2.9125,3.5,2.4,3.501726289,4,xlwwl,xlwwl,xll,xll,xllwwwwwlwl,xllwwwwwlwl,xllll,xllll
233-b,6,Melbourne,15/01/01,Grand Slam,Outdoor,Hard,2nd Round,5,Pozzi G.,Johansson T.,l,43,34,,,6,7,5,7,3,6,,,,,0,3,Completed,2.9125,3.5,2.4,3.501726289,1.295,1.33,1.25,1.399723984,4,xll,xll,xlwwl,xlwwl,xllll,xllll,xllwwwwwlwl,xllwwwwwlwl
234-a,6,Melbourne,15/01/01,Grand Slam,Outdoor,Hard,2nd Round,5,Kafelnikov Y.,Kiefer N.,w,5,22,,,6,2,3,6,3,6,6,3,6,0,3,2,Completed,1.3875,1.5,1.3,1.505384922,2.55,2.75,2.4,2.978689818,4,xlww,xlww,xlww,xlww,xllwwwww,xllwwwww,xllwwwwl,xllwwwwl
234-b,6,Melbourne,15/01/01,Grand Slam,Outdoor,Hard,2nd Round,5,Kiefer N.,Kafelnikov Y.,l,22,5,,,2,6,6,3,6,3,3,6,0,6,2,3,Completed,2.55,2.75,2.4,2.978689818,1.3875,1.5,1.3,1.505384922,4,xlww,xlww,xlww,xlww,xllwwwwl,xllwwwwl,xllwwwww,xllwwwww
235-a,6,Melbourne,15/01/01,Grand Slam,Outdoor,Hard,2nd Round,5,Kratochvil M.,Mirnyi M.,w,94,45,,,6,3,6,4,6,7,6,3,,,3,1,Completed,2.42,2.63,2.2,2.806238704,1.4275,1.55,1.35,1.55363668,4,xl,xl,xllw,xllw,xll,xll,xllllwww,xllllwww
235-b,6,Melbourne,15/01/01,Grand Slam,Outdoor,Hard,2nd Round,5,Mirnyi M.,Kratochvil M.,l,45,94,,,3,6,4,6,7,6,3,6,,,1,3,Completed,1.4275,1.55,1.35,1.55363668,2.42,2.63,2.2,2.806238704,4,xllw,xllw,xl,xl,xllllwww,xllllwww,xll,xll
236-a,6,Melbourne,15/01/01,Grand Slam,Outdoor,Hard,2nd Round,5,Martin T.,Calleri A.,w,54,63,,,1,6,7,6,7,6,4,6,6,2,3,2,Completed,1.335,1.42,1.25,1.445330169,2.7375,2.9,2.6,3.245524935,4,xl,xl,xl,xl,xll,xll,xlwl,xlwl
236-b,6,Melbourne,15/01/01,Grand Slam,Outdoor,Hard,2nd Round,5,Calleri A.,Martin T.,l,63,54,,,6,1,6,7,6,7,6,4,2,6,2,3,Completed,2.7375,2.9,2.6,3.245524935,1.335,1.42,1.25,1.445330169,4,xl,xl,xl,xl,xlwl,xlwl,xll,xll
237-a,6,Melbourne,15/01/01,Grand Slam,Outdoor,Hard,2nd Round,5,Moya C.,Rosset M.,w,42,30,,,6,2,6,1,6,3,,,,,3,0,Completed,1.4825,1.53,1.45,1.620735532,2.27,2.55,2,2.610992038,4,xl,xl,xlwl,xlwl,xll,xll,xllwwlll,xllwwlll
237-b,6,Melbourne,15/01/01,Grand Slam,Outdoor,Hard,2nd Round,5,Rosset M.,Moya C.,l,30,42,,,2,6,1,6,3,6,,,,,0,3,Completed,2.27,2.55,2,2.610992038,1.4825,1.53,1.45,1.620735532,4,xlwl,xlwl,xl,xl,xllwwlll,xllwwlll,xll,xll
238-a,6,Melbourne,15/01/01,Grand Slam,Outdoor,Hard,2nd Round,5,Nestor D.,Squillari F.,w,218,14,,,3,6,6,2,6,4,7,5,,,3,1,Completed,2.075,2.25,1.9,2.364072724,1.5725,1.67,1.5,1.733098744,4,x,x,xl,xl,x,x,xllw,xllw
238-b,6,Melbourne,15/01/01,Grand Slam,Outdoor,Hard,2nd Round,5,Squillari F.,Nestor D.,l,14,218,,,6,3,2,6,4,6,5,7,,,1,3,Completed,1.5725,1.67,1.5,1.733098744,2.075,2.25,1.9,2.364072724,4,xl,xl,x,x,xllw,xllw,x,x
239-a,6,Melbourne,15/01/01,Grand Slam,Outdoor,Hard,2nd Round,5,Norman M.,Santoro F.,w,4,47,,,7,6,6,3,6,0,,,,,3,0,Completed,1.28,1.3,1.25,1.383972379,2.975,3.3,2.6,3.604353999,4,xlwwwwl,xlwwwwl,xlw,xlw,xllwwlwlwwwwwll,xllwwlwlwwwwwll,xllww,xllww
239-b,6,Melbourne,15/01/01,Grand Slam,Outdoor,Hard,2nd Round,5,Santoro F.,Norman M.,l,47,4,,,6,7,3,6,0,6,,,,,0,3,Completed,2.975,3.3,2.6,3.604353999,1.28,1.3,1.25,1.383972379,4,xlw,xlw,xlwwwwl,xlwwwwl,xllww,xllww,xllwwlwlwwwwwll,xllwwlwlwwwwwll
240-a,6,Melbourne,15/01/01,Grand Slam,Outdoor,Hard,2nd Round,5,Pioline C.,Dosedel S.,w,17,72,,,7,6,1,6,6,4,6,4,,,3,1,Completed,1.3525,1.44,1.25,1.465373554,2.67,2.75,2.6,3.148811405,4,xllww,xllww,x,x,xllllwwlwwl,xllllwwlwwl,x,x
240-b,6,Melbourne,15/01/01,Grand Slam,Outdoor,Hard,2nd Round,5,Dosedel S.,Pioline C.,l,72,17,,,6,7,6,1,4,6,4,6,,,1,3,Completed,2.67,2.75,2.6,3.148811405,1.3525,1.44,1.25,1.465373554,4,x,x,xllww,xllww,x,x,xllllwwlwwl,xllllwwlwwl
241-a,6,Melbourne,15/01/01,Grand Slam,Outdoor,Hard,2nd Round,5,Prinosil D.,Mamiit C.,w,39,125,,,4,6,3,6,6,2,6,3,6,2,3,2,Completed,1.3775,1.44,1.35,1.49605667,2.57,2.95,2.2,3.015898708,4,xl,xl,x,x,xll,xll,x,x
241-b,6,Melbourne,15/01/01,Grand Slam,Outdoor,Hard,2nd Round,5,Mamiit C.,Prinosil D.,l,125,39,,,6,4,6,3,2,6,3,6,2,6,2,3,Completed,2.57,2.95,2.2,3.015898708,1.3775,1.44,1.35,1.49605667,4,x,x,xl,xl,x,x,xll,xll
242-a,6,Melbourne,15/01/01,Grand Slam,Outdoor,Hard,2nd Round,5,Rafter P.,Davydenko N.,w,15,133,,,6,4,2,6,6,3,7,6,,,3,1,Completed,1.07,1.1,1.05,1.14241885,5.4375,6.25,4,8.021542439,4,x,x,x,x,x,x,x,x
242-b,6,Melbourne,15/01/01,Grand Slam,Outdoor,Hard,2nd Round,5,Davydenko N.,Rafter P.,l,133,15,,,4,6,6,2,3,6,6,7,,,1,3,Completed,5.4375,6.25,4,8.021542439,1.07,1.1,1.05,1.14241885,4,x,x,x,x,x,x,x,x
243-a,6,Melbourne,15/01/01,Grand Slam,Outdoor,Hard,2nd Round,5,Rochus C.,Sa A.,w,73,103,,,6,3,6,2,6,2,,,,,3,0,Completed,1.68,1.8,1.62,1.819223197,2.016666667,2.2,1.9,2.22066856,3,xlw,xlw,x,x,xllwww,xllwww,x,x
243-b,6,Melbourne,15/01/01,Grand Slam,Outdoor,Hard,2nd Round,5,Sa A.,Rochus C.,l,103,73,,,3,6,2,6,2,6,,,,,0,3,Completed,2.016666667,2.2,1.9,2.22066856,1.68,1.8,1.62,1.819223197,3,x,x,xlw,xlw,x,x,xllwww,xllwww
244-a,6,Melbourne,15/01/01,Grand Slam,Outdoor,Hard,2nd Round,5,Rusedski G.,Kuerten G.,w,65,1,,,4,6,6,4,6,3,2,6,9,7,3,2,Completed,2.72,3.3,2.2,3.233193838,1.335,1.36,1.28,1.447789163,4,xww,xww,x,x,xwlwww,xwlwww,x,x
244-b,6,Melbourne,15/01/01,Grand Slam,Outdoor,Hard,2nd Round,5,Kuerten G.,Rusedski G.,l,1,65,,,6,4,4,6,3,6,6,2,7,9,2,3,Completed,1.335,1.36,1.28,1.447789163,2.72,3.3,2.2,3.233193838,4,x,x,xww,xww,x,x,xwlwww,xwlwww
245-a,6,Melbourne,15/01/01,Grand Slam,Outdoor,Hard,2nd Round,5,Safin M.,Pavel A.,w,2,26,,,4,6,6,3,6,4,7,6,,,3,1,Completed,1.25,1.3,1.2,1.346765642,3.175,3.5,2.6,3.883792049,4,x,x,xl,xl,x,x,xll,xll
245-b,6,Melbourne,15/01/01,Grand Slam,Outdoor,Hard,2nd Round,5,Pavel A.,Safin M.,l,26,2,,,6,4,3,6,4,6,6,7,,,1,3,Completed,3.175,3.5,2.6,3.883792049,1.25,1.3,1.2,1.346765642,4,xl,xl,x,x,xll,xll,x,x
246-a,6,Melbourne,15/01/01,Grand Slam,Outdoor,Hard,2nd Round,5,Sampras P.,Ulihrach B.,w,3,57,,,7,6,7,6,4,6,7,5,,,3,1,Completed,1.1225,1.17,1.1,1.198576301,4.5,5.5,3.5,6.035847647,4,x,x,xllwwww,xllwwww,x,x,xlwlwwlwwlwwwlw,xlwlwwlwwlwwwlw
246-b,6,Melbourne,15/01/01,Grand Slam,Outdoor,Hard,2nd Round,5,Ulihrach B.,Sampras P.,l,57,3,,,6,7,6,7,6,4,5,7,,,1,3,Completed,4.5,5.5,3.5,6.035847647,1.1225,1.17,1.1,1.198576301,4,xllwwww,xllwwww,x,x,xlwlwwlwwlwwwlw,xlwlwwlwwlwwwlw,x,x
247-a,6,Melbourne,15/01/01,Grand Slam,Outdoor,Hard,2nd Round,5,Schuettler R.,Sargsian S.,w,58,95,,,6,3,7,5,4,6,6,4,,,3,1,Completed,1.4025,1.44,1.35,1.519540823,2.52,3,2.1,2.924776564,4,xw,xw,x,x,xww,xww,x,x
247-b,6,Melbourne,15/01/01,Grand Slam,Outdoor,Hard,2nd Round,5,Sargsian S.,Schuettler R.,l,95,58,,,3,6,5,7,6,4,4,6,,,1,3,Completed,2.52,3,2.1,2.924776564,1.4025,1.44,1.35,1.519540823,4,x,x,xw,xw,x,x,xww,xww
248-a,6,Melbourne,15/01/01,Grand Slam,Outdoor,Hard,2nd Round,5,Tabara M.,Canas G.,w,69,228,,,7,6,6,3,6,2,,,,,3,0,Completed,1.5925,1.7,1.55,1.758789203,2.0375,2.25,1.85,2.317889074,4,xwwww,xwwww,x,x,xwwwwww,xwwwwww,x,x
248-b,6,Melbourne,15/01/01,Grand Slam,Outdoor,Hard,2nd Round,5,Canas G.,Tabara M.,l,228,69,,,6,7,3,6,2,6,,,,,0,3,Completed,2.0375,2.25,1.85,2.317889074,1.5925,1.7,1.55,1.758789203,4,x,x,xwwww,xwwww,x,x,xwwwwww,xwwwwww
249-a,6,Melbourne,15/01/01,Grand Slam,Outdoor,Hard,2nd Round,5,Vinciguerra A.,Medvedev A.,w,52,59,,,6,3,7,6,6,2,,,,,3,0,Completed,1.506666667,1.57,1.45,1.619242579,2.333333333,2.6,2.15,2.614876033,3,xllw,xllw,xl,xl,xllllww,xllllww,xll,xll
249-b,6,Melbourne,15/01/01,Grand Slam,Outdoor,Hard,2nd Round,5,Medvedev A.,Vinciguerra A.,l,59,52,,,3,6,6,7,2,6,,,,,0,3,Completed,2.333333333,2.6,2.15,2.614876033,1.506666667,1.57,1.45,1.619242579,3,xl,xl,xllw,xllw,xll,xll,xllllww,xllllww
250-a,6,Melbourne,15/01/01,Grand Slam,Outdoor,Hard,2nd Round,5,Woodruff C.,Popp A.,w,68,84,,,4,6,6,3,6,4,6,4,,,3,1,Completed,1.5175,1.6,1.45,1.667766742,2.175,2.25,2,2.497528908,4,x,x,x,x,x,x,x,x
250-b,6,Melbourne,15/01/01,Grand Slam,Outdoor,Hard,2nd Round,5,Popp A.,Woodruff C.,l,84,68,,,6,4,3,6,4,6,4,6,,,1,3,Completed,2.175,2.25,2,2.497528908,1.5175,1.6,1.45,1.667766742,4,x,x,x,x,x,x,x,x
251-a,6,Melbourne,15/01/01,Grand Slam,Outdoor,Hard,2nd Round,5,Youzhny M.,Zabaleta M.,w,113,62,,,5,7,7,6,6,2,6,4,,,3,1,Completed,1.9375,2.05,1.8,2.180248473,1.67,1.9,1.5,1.847279215,4,xlw,xlw,xll,xll,xllwwl,xllwwl,xllwll,xllwll
251-b,6,Melbourne,15/01/01,Grand Slam,Outdoor,Hard,2nd Round,5,Zabaleta M.,Youzhny M.,l,62,113,,,7,5,6,7,2,6,4,6,,,1,3,Completed,1.67,1.9,1.5,1.847279215,1.9375,2.05,1.8,2.180248473,4,xll,xll,xlw,xlw,xllwll,xllwll,xllwwl,xllwwl
252-a,6,Melbourne,15/01/01,Grand Slam,Outdoor,Hard,3rd Round,5,Agassi A.,Prinosil D.,w,6,39,,,7,6,5,0,,,,,,,1,0,Retired,1.0725,1.1,1.05,1.134952577,5.875,7.5,3.5,8.410010428,4,xw,xw,xwl,xwl,xwww,xwww,xwwwllll,xwwwllll
252-b,6,Melbourne,15/01/01,Grand Slam,Outdoor,Hard,3rd Round,5,Prinosil D.,Agassi A.,l,39,6,,,6,7,0,5,,,,,,,0,1,Retired,5.875,7.5,3.5,8.410010428,1.0725,1.1,1.05,1.134952577,4,xwl,xwl,xw,xw,xwwwllll,xwwwllll,xwww,xwww
253-a,6,Melbourne,15/01/01,Grand Slam,Outdoor,Hard,3rd Round,5,Clement A.,Federer R.,w,18,29,,,7,6,6,4,6,4,,,,,3,0,Completed,2.1625,2.6,1.8,2.440986321,1.555,1.6,1.45,1.693969114,4,xwwl,xwwl,xwlww,xwlww,xwwwll,xwwwll,xwwwllwwww,xwwwllwwww
253-b,6,Melbourne,15/01/01,Grand Slam,Outdoor,Hard,3rd Round,5,Federer R.,Clement A.,l,29,18,,,6,7,4,6,4,6,,,,,0,3,Completed,1.555,1.6,1.45,1.693969114,2.1625,2.6,1.8,2.440986321,4,xwlww,xwlww,xwwl,xwwl,xwwwllwwww,xwwwllwwww,xwwwll,xwwwll
254-a,6,Melbourne,15/01/01,Grand Slam,Outdoor,Hard,3rd Round,5,Grosjean S.,Johansson T.,w,19,34,,,6,4,6,1,6,4,,,,,3,0,Completed,1.63,1.67,1.6,1.796143251,2,2.2,1.8,2.256055363,4,xwlww,xwlww,xwlwwl,xwlwwl,xwwwlwlwwwwl,xwwwlwlwwwwl,xwwwllwwwwwlwl,xwwwllwwwwwlwl
254-b,6,Melbourne,15/01/01,Grand Slam,Outdoor,Hard,3rd Round,5,Johansson T.,Grosjean S.,l,34,19,,,4,6,1,6,4,6,,,,,0,3,Completed,2,2.2,1.8,2.256055363,1.63,1.67,1.6,1.796143251,4,xwlwwl,xwlwwl,xwlww,xwlww,xwwwllwwwwwlwl,xwwwllwwwwwlwl,xwwwlwlwwwwl,xwwwlwlwwwwl
255-a,6,Melbourne,15/01/01,Grand Slam,Outdoor,Hard,3rd Round,5,Henman T.,Arthurs W.,w,10,82,,,6,3,6,2,0,6,6,2,,,3,1,Completed,1.2175,1.25,1.2,1.300671484,3.525,4,2.6,4.32588906,4,xww,xww,xwll,xwll,xwwwwlw,xwwwwlw,xwlwlwllwll,xwlwlwllwll
255-b,6,Melbourne,15/01/01,Grand Slam,Outdoor,Hard,3rd Round,5,Arthurs W.,Henman T.,l,82,10,,,3,6,2,6,6,0,2,6,,,1,3,Completed,3.525,4,2.6,4.32588906,1.2175,1.25,1.2,1.300671484,4,xwll,xwll,xww,xww,xwlwlwllwll,xwlwlwllwll,xwwwwlw,xwwwwlw
256-a,6,Melbourne,15/01/01,Grand Slam,Outdoor,Hard,3rd Round,5,Hrbaty D.,Rochus C.,w,16,73,,,6,4,6,4,6,2,,,,,3,0,Completed,1.26,1.28,1.25,1.339001063,3.333333333,3.5,3.1,3.94984326,3,xwwww,xwwww,xwlw,xwlw,xwwwwwlwwlwwl,xwwwwwlwwlwwl,xwwwllwww,xwwwllwww
256-b,6,Melbourne,15/01/01,Grand Slam,Outdoor,Hard,3rd Round,5,Rochus C.,Hrbaty D.,l,73,16,,,4,6,4,6,2,6,,,,,0,3,Completed,3.333333333,3.5,3.1,3.94984326,1.26,1.28,1.25,1.339001063,3,xwlw,xwlw,xwwww,xwwww,xwwwllwww,xwwwllwww,xwwwwwlwwlwwl,xwwwwwlwwlwwl
257-a,6,Melbourne,15/01/01,Grand Slam,Outdoor,Hard,3rd Round,5,Ilie A.,Youzhny M.,w,49,113,,,7,6,6,4,6,2,,,,,3,0,Completed,1.5675,1.67,1.45,1.717348849,2.1125,2.2,2,2.394021893,4,xwl,xwl,xwlw,xwlw,xwlwwlll,xwlwwlll,xwwwlllwwl,xwwwlllwwl
257-b,6,Melbourne,15/01/01,Grand Slam,Outdoor,Hard,3rd Round,5,Youzhny M.,Ilie A.,l,113,49,,,6,7,4,6,2,6,,,,,0,3,Completed,2.1125,2.2,2,2.394021893,1.5675,1.67,1.45,1.717348849,4,xwlw,xwlw,xwl,xwl,xwwwlllwwl,xwwwlllwwl,xwlwwlll,xwlwwlll
258-a,6,Melbourne,15/01/01,Grand Slam,Outdoor,Hard,3rd Round,5,Kafelnikov Y.,Woodruff C.,w,5,68,,,6,7,7,5,6,2,6,3,,,3,1,Completed,1.1525,1.17,1.14,1.232832662,4.075,5,3,5.294930064,4,xwlww,xwlww,xw,xw,xwwllwllwwwww,xwwllwllwwwww,xwwwl,xwwwl
258-b,6,Melbourne,15/01/01,Grand Slam,Outdoor,Hard,3rd Round,5,Woodruff C.,Kafelnikov Y.,l,68,5,,,7,6,5,7,2,6,3,6,,,1,3,Completed,4.075,5,3,5.294930064,1.1525,1.17,1.14,1.232832662,4,xw,xw,xwlww,xwlww,xwwwl,xwwwl,xwwllwllwwwww,xwwllwllwwwww
259-a,6,Melbourne,15/01/01,Grand Slam,Outdoor,Hard,3rd Round,5,Martin T.,Pioline C.,w,54,17,,,6,4,3,6,6,3,6,4,,,3,1,Completed,1.72,1.75,1.7,1.908284024,1.875,2,1.7,2.100977199,4,xwl,xwl,xwllww,xwllww,xwlwwlll,xwlwwlll,xwwlwllllwwlwwl,xwwlwllllwwlwwl
259-b,6,Melbourne,15/01/01,Grand Slam,Outdoor,Hard,3rd Round,5,Pioline C.,Martin T.,l,17,54,,,4,6,6,3,3,6,4,6,,,1,3,Completed,1.875,2,1.7,2.100977199,1.72,1.75,1.7,1.908284024,4,xwllww,xwllww,xwl,xwl,xwwlwllllwwlwwl,xwwlwllllwwlwwl,xwlwwlll,xwlwwlll
260-a,6,Melbourne,15/01/01,Grand Slam,Outdoor,Hard,3rd Round,5,Moya C.,Hewitt L.,w,42,7,,,4,6,6,1,5,7,6,2,7,5,3,2,Completed,2.5625,2.75,2.4,3.016722408,1.375,1.45,1.3,1.495854063,4,xwl,xwl,xwwwwwwwlww,xwwwwwwwlww,xwwwll,xwwwll,xwwwwwllwwwwlwwwwwwwllwlwwlww,xwwwwwllwwwwlwwwwwwwllwlwwlww
260-b,6,Melbourne,15/01/01,Grand Slam,Outdoor,Hard,3rd Round,5,Hewitt L.,Moya C.,l,7,42,,,6,4,1,6,7,5,2,6,5,7,2,3,Completed,1.375,1.45,1.3,1.495854063,2.5625,2.75,2.4,3.016722408,4,xwwwwwwwlww,xwwwwwwwlww,xwl,xwl,xwwwwwllwwwwlwwwwwwwllwlwwlww,xwwwwwllwwwwlwwwwwwwllwlwwlww,xwwwll,xwwwll
261-a,6,Melbourne,15/01/01,Grand Slam,Outdoor,Hard,3rd Round,5,Norman M.,Calatrava A.,w,4,50,,,7,6,3,6,7,6,6,3,,,3,1,Completed,1.125,1.16,1.1,1.202257761,4.4375,5,3.5,5.944186047,4,xwlwwwwl,xwlwwwwl,xwlwlw,xwlwlw,xwwwllwwlwlwwwwwll,xwwwllwwlwlwwwwwll,xwlwwllwlwllwlw,xwlwwllwlwllwlw
261-b,6,Melbourne,15/01/01,Grand Slam,Outdoor,Hard,3rd Round,5,Calatrava A.,Norman M.,l,50,4,,,6,7,6,3,6,7,3,6,,,1,3,Completed,4.4375,5,3.5,5.944186047,1.125,1.16,1.1,1.202257761,4,xwlwlw,xwlwlw,xwlwwwwl,xwlwwwwl,xwlwwllwlwllwlw,xwlwwllwlwllwlw,xwwwllwwlwlwwwwwll,xwwwllwwlwlwwwwwll
262-a,6,Melbourne,15/01/01,Grand Slam,Outdoor,Hard,3rd Round,5,Rafter P.,Kratochvil M.,w,15,94,,,6,4,6,1,7,5,,,,,3,0,Completed,1.1675,1.25,1.1,1.24431514,4.0125,4.8,3.5,5.093074218,4,xw,xw,xwl,xwl,xwwlw,xwwlw,xwlwwll,xwlwwll
262-b,6,Melbourne,15/01/01,Grand Slam,Outdoor,Hard,3rd Round,5,Kratochvil M.,Rafter P.,l,94,15,,,4,6,1,6,5,7,,,,,0,3,Completed,4.0125,4.8,3.5,5.093074218,1.1675,1.25,1.1,1.24431514,4,xwl,xwl,xw,xw,xwlwwll,xwlwwll,xwwlw,xwwlw
263-a,6,Melbourne,15/01/01,Grand Slam,Outdoor,Hard,3rd Round,5,Rusedski G.,Burgsmuller L.,w,65,185,,,6,1,6,2,6,1,,,,,3,0,Completed,1.1925,1.25,1.15,1.282993671,3.575,3.8,3,4.533647935,4,xwww,xwww,xw,xw,xwlwwlwlwww,xwlwwlwlwww,xwww,xwww
263-b,6,Melbourne,15/01/01,Grand Slam,Outdoor,Hard,3rd Round,5,Burgsmuller L.,Rusedski G.,l,185,65,,,1,6,2,6,1,6,,,,,0,3,Completed,3.575,3.8,3,4.533647935,1.1925,1.25,1.15,1.282993671,4,xw,xw,xwww,xwww,xwww,xwww,xwlwwlwlwww,xwlwwlwlwww
264-a,6,Melbourne,15/01/01,Grand Slam,Outdoor,Hard,3rd Round,5,Safin M.,Tabara M.,w,2,69,,,6,1,6,1,6,4,,,,,3,0,Completed,1.1325,1.18,1.1,1.210029247,4.345,4.8,3.5,5.761241649,4,xw,xw,xwwwww,xwwwww,xwwwl,xwwwl,xwwwwwwwww,xwwwwwwwww
264-b,6,Melbourne,15/01/01,Grand Slam,Outdoor,Hard,3rd Round,5,Tabara M.,Safin M.,l,69,2,,,1,6,1,6,4,6,,,,,0,3,Completed,4.345,4.8,3.5,5.761241649,1.1325,1.18,1.1,1.210029247,4,xwwwww,xwwwww,xw,xw,xwwwwwwwww,xwwwwwwwww,xwwwl,xwwwl
265-a,6,Melbourne,15/01/01,Grand Slam,Outdoor,Hard,3rd Round,5,Sampras P.,Chela J.I.,w,3,64,,,6,4,4,6,4,6,7,5,6,2,3,2,Completed,1.055,1.08,1.04,1.118651256,6.25,8,4,9.428060769,4,xw,xw,xwl,xwl,xwlww,xwlww,xwwwll,xwwwll
265-b,6,Melbourne,15/01/01,Grand Slam,Outdoor,Hard,3rd Round,5,Chela J.I.,Sampras P.,l,64,3,,,4,6,6,4,6,4,5,7,2,6,2,3,Completed,6.25,8,4,9.428060769,1.055,1.08,1.04,1.118651256,4,xwl,xwl,xw,xw,xwwwll,xwwwll,xwlww,xwlww
266-a,6,Melbourne,15/01/01,Grand Slam,Outdoor,Hard,3rd Round,5,Schuettler R.,Nestor D.,w,58,218,,,6,4,6,2,7,5,,,,,3,0,Completed,1.52,1.6,1.45,1.667077062,2.1825,2.38,1.9,2.499077178,4,xww,xww,xw,xw,xwlwwww,xwlwwww,xwwwl,xwwwl
266-b,6,Melbourne,15/01/01,Grand Slam,Outdoor,Hard,3rd Round,5,Nestor D.,Schuettler R.,l,218,58,,,4,6,2,6,5,7,,,,,0,3,Completed,2.1825,2.38,1.9,2.499077178,1.52,1.6,1.45,1.667077062,4,xw,xw,xww,xww,xwwwl,xwwwl,xwlwwww,xwlwwww
267-a,6,Melbourne,15/01/01,Grand Slam,Outdoor,Hard,3rd Round,5,Vinciguerra A.,Ferreira W.,w,52,13,,,6,0,3,6,6,4,6,3,,,3,1,Completed,2.2,2.25,2.1,2.531345566,1.505,1.6,1.4,1.653020469,4,xwllw,xwllw,xwl,xwl,xwwwllllww,xwwwllllww,xwwwlll,xwwwlll
267-b,6,Melbourne,15/01/01,Grand Slam,Outdoor,Hard,3rd Round,5,Ferreira W.,Vinciguerra A.,l,13,52,,,0,6,6,3,4,6,3,6,,,1,3,Completed,1.505,1.6,1.4,1.653020469,2.2,2.25,2.1,2.531345566,4,xwl,xwl,xwllw,xwllw,xwwwlll,xwwwlll,xwwwllllww,xwwwllllww
268-a,6,Melbourne,15/01/01,Grand Slam,Outdoor,Hard,4th Round,5,Agassi A.,Ilie A.,w,6,49,,,6,7,6,3,6,0,6,3,,,3,1,Completed,1.0975,1.11,1.08,1.160815666,5.3125,6.75,3.5,7.218299642,4,xww,xww,xwwl,xwwl,xwww,xwww,xwwwwlwwlll,xwwwwlwwlll
268-b,6,Melbourne,15/01/01,Grand Slam,Outdoor,Hard,4th Round,5,Ilie A.,Agassi A.,l,49,6,,,7,6,3,6,0,6,3,6,,,1,3,Completed,5.3125,6.75,3.5,7.218299642,1.0975,1.11,1.08,1.160815666,4,xwwl,xwwl,xww,xww,xwwwwlwwlll,xwwwwlwwlll,xwww,xwww
269-a,6,Melbourne,15/01/01,Grand Slam,Outdoor,Hard,4th Round,5,Clement A.,Rusedski G.,w,18,65,,,6,3,6,2,7,5,,,,,3,0,Completed,1.85,1.95,1.8,2.05515068,1.7625,1.9,1.6,1.94773194,4,xwwwl,xwwwl,xwwww,xwwww,xwwwwwwll,xwwwwwwll,xwwwwlwwlwlwww,xwwwwlwwlwlwww
269-b,6,Melbourne,15/01/01,Grand Slam,Outdoor,Hard,4th Round,5,Rusedski G.,Clement A.,l,65,18,,,3,6,2,6,5,7,,,,,0,3,Completed,1.7625,1.9,1.6,1.94773194,1.85,1.95,1.8,2.05515068,4,xwwww,xwwww,xwwwl,xwwwl,xwwwwlwwlwlwww,xwwwwlwwlwlwww,xwwwwwwll,xwwwwwwll
270-a,6,Melbourne,15/01/01,Grand Slam,Outdoor,Hard,4th Round,5,Grosjean S.,Norman M.,w,19,4,,,7,6,6,3,0,6,6,4,,,3,1,Completed,2.275,2.5,1.9,2.587677725,1.5,1.53,1.47,1.629850746,4,xwwlww,xwwlww,xwwlwwwwl,xwwlwwwwl,xwwwwwwlwlwwwwl,xwwwwwwlwlwwwwl,xwwlwwwwllwwlwlwwwwwll,xwwlwwwwllwwlwlwwwwwll
270-b,6,Melbourne,15/01/01,Grand Slam,Outdoor,Hard,4th Round,5,Norman M.,Grosjean S.,l,4,19,,,6,7,3,6,6,0,4,6,,,1,3,Completed,1.5,1.53,1.47,1.629850746,2.275,2.5,1.9,2.587677725,4,xwwlwwwwl,xwwlwwwwl,xwwlww,xwwlww,xwwlwwwwllwwlwlwwwwwll,xwwlwwwwllwwlwlwwwwwll,xwwwwwwlwlwwwwl,xwwwwwwlwlwwwwl
271-a,6,Melbourne,15/01/01,Grand Slam,Outdoor,Hard,4th Round,5,Hrbaty D.,Safin M.,w,16,2,,,6,2,7,6,6,4,,,,,3,0,Completed,2.9125,3.25,2.4,3.448342089,1.31,1.33,1.3,1.408439656,4,xwwwww,xwwwww,xww,xww,xwwwwwwwwlwwlwwl,xwwwwwwwwlwwlwwl,xwwwwwwl,xwwwwwwl
271-b,6,Melbourne,15/01/01,Grand Slam,Outdoor,Hard,4th Round,5,Safin M.,Hrbaty D.,l,2,16,,,2,6,6,7,4,6,,,,,0,3,Completed,1.31,1.33,1.3,1.408439656,2.9125,3.25,2.4,3.448342089,4,xww,xww,xwwwww,xwwwww,xwwwwwwl,xwwwwwwl,xwwwwwwwwlwwlwwl,xwwwwwwwwlwwlwwl
272-a,6,Melbourne,15/01/01,Grand Slam,Outdoor,Hard,4th Round,5,Kafelnikov Y.,Vinciguerra A.,w,5,52,,,7,5,7,5,6,1,,,,,3,0,Completed,1.205,1.27,1.15,1.290193362,3.575,4.35,3,4.445978198,4,xwwlww,xwwlww,xwwllw,xwwllw,xwwwlwwllwllwwwww,xwwwlwwllwllwwwww,xwwlwwwwllllww,xwwlwwwwllllww
272-b,6,Melbourne,15/01/01,Grand Slam,Outdoor,Hard,4th Round,5,Vinciguerra A.,Kafelnikov Y.,l,52,5,,,5,7,5,7,1,6,,,,,0,3,Completed,3.575,4.35,3,4.445978198,1.205,1.27,1.15,1.290193362,4,xwwllw,xwwllw,xwwlww,xwwlww,xwwlwwwwllllww,xwwlwwwwllllww,xwwwlwwllwllwwwww,xwwwlwwllwllwwwww
273-a,6,Melbourne,15/01/01,Grand Slam,Outdoor,Hard,4th Round,5,Martin T.,Sampras P.,w,54,3,,,6,7,6,3,6,4,6,4,,,3,1,Completed,3.3625,3.65,2.8,4.087330213,1.2375,1.25,1.2,1.323904452,4,xwwl,xwwl,xww,xww,xwwlwwlwwlll,xwwlwwlwwlll,xwwllwwlww,xwwllwwlww
273-b,6,Melbourne,15/01/01,Grand Slam,Outdoor,Hard,4th Round,5,Sampras P.,Martin T.,l,3,54,,,7,6,3,6,4,6,4,6,,,1,3,Completed,1.2375,1.25,1.2,1.323904452,3.3625,3.65,2.8,4.087330213,4,xww,xww,xwwl,xwwl,xwwllwwlww,xwwllwwlww,xwwlwwlwwlll,xwwlwwlwwlll
274-a,6,Melbourne,15/01/01,Grand Slam,Outdoor,Hard,4th Round,5,Moya C.,Schuettler R.,w,42,58,,,7,6,6,3,6,4,,,,,3,0,Completed,1.295,1.4,1.2,1.394070154,2.9625,3.2,2.75,3.537619226,4,xwwl,xwwl,xwww,xwww,xwwlwlwwwll,xwwlwlwwwll,xwwwwlwwww,xwwwwlwwww
274-b,6,Melbourne,15/01/01,Grand Slam,Outdoor,Hard,4th Round,5,Schuettler R.,Moya C.,l,58,42,,,6,7,3,6,4,6,,,,,0,3,Completed,2.9625,3.2,2.75,3.537619226,1.295,1.4,1.2,1.394070154,4,xwww,xwww,xwwl,xwwl,xwwwwlwwww,xwwwwlwwww,xwwlwlwwwll,xwwlwlwwwll
275-a,6,Melbourne,15/01/01,Grand Slam,Outdoor,Hard,4th Round,5,Rafter P.,Henman T.,w,15,10,,,6,2,6,3,6,3,,,,,3,0,Completed,1.7825,1.85,1.7,1.962700068,1.845,2,1.7,2.038745123,4,xww,xww,xwww,xwww,xwwwwwlw,xwwwwwlw,xwlwwwwwwlw,xwlwwwwwwlw
275-b,6,Melbourne,15/01/01,Grand Slam,Outdoor,Hard,4th Round,5,Henman T.,Rafter P.,l,10,15,,,2,6,3,6,3,6,,,,,0,3,Completed,1.845,2,1.7,2.038745123,1.7825,1.85,1.7,1.962700068,4,xwww,xwww,xww,xww,xwlwwwwwwlw,xwlwwwwwwlw,xwwwwwlw,xwwwwwlw
276-a,6,Melbourne,15/01/01,Grand Slam,Outdoor,Hard,Quarterfinals,5,Agassi A.,Martin T.,w,6,54,,,7,5,6,3,6,4,,,,,3,0,Completed,1.195,1.2,1.18,1.273329233,3.7575,4.4,2.8,4.658591465,4,xwww,xwww,xwwwl,xwwwl,xwwwlwww,xwwwlwww,xwwwlwwlwwlwwlll,xwwwlwwlwwlwwlll
276-b,6,Melbourne,15/01/01,Grand Slam,Outdoor,Hard,Quarterfinals,5,Martin T.,Agassi A.,l,54,6,,,5,7,3,6,4,6,,,,,0,3,Completed,3.7575,4.4,2.8,4.658591465,1.195,1.2,1.18,1.273329233,4,xwwwl,xwwwl,xwww,xwww,xwwwlwwlwwlwwlll,xwwwlwwlwwlwwlll,xwwwlwww,xwwwlwww
279-a,6,Melbourne,15/01/01,Grand Slam,Outdoor,Hard,Quarterfinals,5,Rafter P.,Hrbaty D.,w,15,16,,,6,2,6,7,7,5,6,0,,,3,1,Completed,1.4775,1.53,1.45,1.611487841,2.295,2.5,2,2.635355493,4,xwww,xwww,xwwwwww,xwwwwww,xwwwwwwwwlw,xwwwwwwwwlw,xwwwwwwwwwwwlwwlwwl,xwwwwwwwwwwwlwwlwwl
279-b,6,Melbourne,15/01/01,Grand Slam,Outdoor,Hard,Quarterfinals,5,Hrbaty D.,Rafter P.,l,16,15,,,2,6,7,6,5,7,0,6,,,1,3,Completed,2.295,2.5,2,2.635355493,1.4775,1.53,1.45,1.611487841,4,xwwwwww,xwwwwww,xwww,xwww,xwwwwwwwwwwwlwwlwwl,xwwwwwwwwwwwlwwlwwl,xwwwwwwwwlw,xwwwwwwwwlw
314-a,8,Milan,29/01/01,International,Indoor,Carpet,1st Round,3,Boutter J.,Golmard J.,w,67,59,,,7,6,6,4,,,,,,,2,0,Completed,2.125,2.25,2,2.432231884,1.5425,1.65,1.45,1.698210961,4,xlll,x,xlw,x,xlllwllll,x,xwlw,x
314-b,8,Milan,29/01/01,International,Indoor,Carpet,1st Round,3,Golmard J.,Boutter J.,l,59,67,,,6,7,4,6,,,,,,,0,2,Completed,1.5425,1.65,1.45,1.698210961,2.125,2.25,2,2.432231884,4,xlw,x,xlll,x,xwlw,x,xlllwllll,x
315-a,8,Milan,29/01/01,International,Indoor,Carpet,1st Round,3,Bruguera S.,Levy H.,w,80,61,,,3,6,7,6,6,4,,,,,2,1,Completed,2.125,2.2,1.9,2.426051873,1.5475,1.62,1.47,1.701236763,4,x,x,xl,x,x,x,xlll,x
315-b,8,Milan,29/01/01,International,Indoor,Carpet,1st Round,3,Levy H.,Bruguera S.,l,61,80,,,6,3,6,7,4,6,,,,,1,2,Completed,1.5475,1.62,1.47,1.701236763,2.125,2.2,1.9,2.426051873,4,xl,x,x,x,xlll,x,x,x
316-a,8,Milan,29/01/01,International,Indoor,Carpet,1st Round,3,Federer R.,Schuettler R.,w,27,48,,,6,3,6,4,,,,,,,2,0,Completed,1.4,1.4,1.4,1.524070022,2.4875,2.75,2.1,2.908141962,4,xlwlww,x,xlwww,x,xlllwwwllwwww,x,xlllwwwwlwwww,x
316-b,8,Milan,29/01/01,International,Indoor,Carpet,1st Round,3,Schuettler R.,Federer R.,l,48,27,,,3,6,4,6,,,,,,,0,2,Completed,2.4875,2.75,2.1,2.908141962,1.4,1.4,1.4,1.524070022,4,xlwww,x,xlwlww,x,xlllwwwwlwwww,x,xlllwwwllwwww,x
317-a,8,Milan,29/01/01,International,Indoor,Carpet,1st Round,3,Gambill J.M.,Schalken S.,w,30,28,,,6,1,6,7,6,2,,,,,2,1,Completed,1.635,1.75,1.57,1.804278799,1.9875,2.2,1.8,2.243349945,4,xlww,x,xlw,x,xllwwww,x,xlwlww,x
317-b,8,Milan,29/01/01,International,Indoor,Carpet,1st Round,3,Schalken S.,Gambill J.M.,l,28,30,,,1,6,7,6,2,6,,,,,1,2,Completed,1.9875,2.2,1.8,2.243349945,1.635,1.75,1.57,1.804278799,4,xlw,x,xlww,x,xlwlww,x,xllwwww,x
318-a,8,Milan,29/01/01,International,Indoor,Carpet,1st Round,3,Heuberger I.,Dosedel S.,w,190,87,,,6,2,7,6,,,,,,,2,0,Completed,2.016666667,2.25,1.85,2.332171417,1.566666667,1.6,1.55,1.750654148,3,xl,x,xl,x,xlwlwl,x,xllwl,x
318-b,8,Milan,29/01/01,International,Indoor,Carpet,1st Round,3,Dosedel S.,Heuberger I.,l,87,190,,,2,6,6,7,,,,,,,0,2,Completed,1.566666667,1.6,1.55,1.750654148,2.016666667,2.25,1.85,2.332171417,3,xl,x,xl,x,xllwl,x,xlwlwl,x
319-a,8,Milan,29/01/01,International,Indoor,Carpet,1st Round,3,Ivanisevic G.,Kiefer N.,w,123,33,,,2,6,6,2,6,3,,,,,2,1,Completed,2.845,3.5,2.4,3.383879612,1.315,1.36,1.25,1.419484271,4,x,x,xllww,x,x,x,xllwwlllwwwwl,x
319-b,8,Milan,29/01/01,International,Indoor,Carpet,1st Round,3,Kiefer N.,Ivanisevic G.,l,33,123,,,6,2,2,6,3,6,,,,,1,2,Completed,1.315,1.36,1.25,1.419484271,2.845,3.5,2.4,3.383879612,4,xllww,x,x,x,xllwwlllwwwwl,x,x,x
320-a,8,Milan,29/01/01,International,Indoor,Carpet,1st Round,3,Kafelnikov Y.,Tarango J.,w,7,111,,,4,6,6,4,6,2,,,,,2,1,Completed,1.2,1.2,1.2,1.326145553,3.075,3.35,2.8,4.066115702,2,xwwwlww,x,xl,x,xwwwwwwlwwllwllwwwww,x,xll,x
320-b,8,Milan,29/01/01,International,Indoor,Carpet,1st Round,3,Tarango J.,Kafelnikov Y.,l,111,7,,,6,4,4,6,2,6,,,,,1,2,Completed,3.075,3.35,2.8,4.066115702,1.2,1.2,1.2,1.326145553,2,xl,x,xwwwlww,x,xll,x,xwwwwwwlwwllwllwwwww,x
321-a,8,Milan,29/01/01,International,Indoor,Carpet,1st Round,3,Malisse X.,Gaudenzi A.,w,124,103,,,7,5,6,2,,,,,,,2,0,Completed,1.7,1.7,1.7,1.966942149,1.75,1.8,1.7,2.034188034,2,xl,x,x,x,xll,x,x,x
321-b,8,Milan,29/01/01,International,Indoor,Carpet,1st Round,3,Gaudenzi A.,Malisse X.,l,103,124,,,5,7,2,6,,,,,,,0,2,Completed,1.75,1.8,1.7,2.034188034,1.7,1.7,1.7,1.966942149,2,x,x,xl,x,x,x,xll,x
322-a,8,Milan,29/01/01,International,Indoor,Carpet,1st Round,3,Medvedev A.,Pavel A.,w,58,23,,,7,6,2,6,7,6,,,,,2,1,Completed,2.1625,2.4,1.9,2.489267639,1.5175,1.57,1.5,1.671470979,4,xll,x,xll,x,xlllll,x,xlllwll,x
322-b,8,Milan,29/01/01,International,Indoor,Carpet,1st Round,3,Pavel A.,Medvedev A.,l,23,58,,,6,7,6,2,6,7,,,,,1,2,Completed,1.5175,1.57,1.5,1.671470979,2.1625,2.4,1.9,2.489267639,4,xll,x,xll,x,xlllwll,x,xlllll,x
323-a,8,Milan,29/01/01,International,Indoor,Carpet,1st Round,3,Rosset M.,Ljubicic I.,w,29,90,,,4,6,7,6,6,4,,,,,2,1,Completed,1.51,1.62,1.45,1.656031904,2.2,2.5,1.9,2.524316109,4,xllwl,x,xl,x,xlllllwwlll,x,xllw,x
323-b,8,Milan,29/01/01,International,Indoor,Carpet,1st Round,3,Ljubicic I.,Rosset M.,l,90,29,,,6,4,6,7,4,6,,,,,1,2,Completed,2.2,2.5,1.9,2.524316109,1.51,1.62,1.45,1.656031904,4,xl,x,xllwl,x,xllw,x,xlllllwwlll,x
324-a,8,Milan,29/01/01,International,Indoor,Carpet,1st Round,3,Rusedski G.,Pozzi G.,w,52,40,,,6,1,7,5,,,,,,,2,0,Completed,1.3075,1.35,1.25,1.412954869,2.8625,3.5,2.4,3.421572129,4,xlwwww,x,xlll,x,xlllwwwwlwwlwlwww,x,xlllllll,x
324-b,8,Milan,29/01/01,International,Indoor,Carpet,1st Round,3,Pozzi G.,Rusedski G.,l,40,52,,,1,6,5,7,,,,,,,0,2,Completed,2.8625,3.5,2.4,3.421572129,1.3075,1.35,1.25,1.412954869,4,xlll,x,xlwwww,x,xlllllll,x,xlllwwwwlwwlwlwww,x
325-a,8,Milan,29/01/01,International,Indoor,Carpet,1st Round,3,Safin M.,Prinosil D.,w,1,32,,,6,4,7,5,,,,,,,2,0,Completed,1.2575,1.33,1.2,1.360520731,3.075,3.5,2.8,3.773765592,4,xlww,x,xlwl,x,xlllwwwwwwl,x,xwwwllll,x
325-b,8,Milan,29/01/01,International,Indoor,Carpet,1st Round,3,Prinosil D.,Safin M.,l,32,1,,,4,6,5,7,,,,,,,0,2,Completed,3.075,3.5,2.8,3.773765592,1.2575,1.33,1.2,1.360520731,4,xlwl,x,xlww,x,xwwwllll,x,xlllwwwwwwl,x
326-a,8,Milan,29/01/01,International,Indoor,Carpet,1st Round,3,Santoro F.,Hrbaty D.,w,41,14,,,3,6,7,5,6,3,,,,,2,1,Completed,2.17,2.38,2,2.490862407,1.52,1.6,1.45,1.67075271,4,xllw,x,xlwwwwww,x,xlllllww,x,xllwlwwwwwwwwwwwlwwlwwl,x
326-b,8,Milan,29/01/01,International,Indoor,Carpet,1st Round,3,Hrbaty D.,Santoro F.,l,14,41,,,6,3,5,7,3,6,,,,,1,2,Completed,1.52,1.6,1.45,1.67075271,2.17,2.38,2,2.490862407,4,xlwwwwww,x,xllw,x,xllwlwwwwwwwwwwwlwwlwwl,x,xlllllww,x
327-a,8,Milan,29/01/01,International,Indoor,Carpet,1st Round,3,Saulnier C.,Sanguinetti D.,w,120,71,,,7,6,6,4,,,,,,,2,0,Completed,1.866666667,1.95,1.8,2.123920391,1.683333333,1.9,1.55,1.889742733,3,xlw,x,xl,x,xllww,x,xll,x
327-b,8,Milan,29/01/01,International,Indoor,Carpet,1st Round,3,Sanguinetti D.,Saulnier C.,l,71,120,,,6,7,4,6,,,,,,,0,2,Completed,1.683333333,1.9,1.55,1.889742733,1.866666667,1.95,1.8,2.123920391,3,xl,x,xlw,x,xll,x,xllww,x
328-a,8,Milan,29/01/01,International,Indoor,Carpet,1st Round,3,Ulihrach B.,Escude N.,w,53,56,,,7,5,6,7,7,5,,,,,2,1,Completed,2.1,2.25,1.85,2.397690827,1.5575,1.62,1.51,1.71546581,4,xlllwwww,x,xllww,x,xlwlllwlwwlwwlwwwlw,x,xlllllwwwww,x
328-b,8,Milan,29/01/01,International,Indoor,Carpet,1st Round,3,Escude N.,Ulihrach B.,l,56,53,,,5,7,7,6,5,7,,,,,1,2,Completed,1.5575,1.62,1.51,1.71546581,2.1,2.25,1.85,2.397690827,4,xllww,x,xlllwwww,x,xlllllwwwww,x,xlwlllwlwwlwwlwwwlw,x
329-a,8,Milan,29/01/01,International,Indoor,Carpet,1st Round,3,Voltchkov V.,Vanek J.,w,36,83,,,6,4,1,6,7,6,,,,,2,1,Completed,1.416666667,1.45,1.4,1.565789474,2.333333333,2.5,2.1,2.76744186,3,xllwww,x,x,x,xllwllwwwwlwwl,x,x,x
329-b,8,Milan,29/01/01,International,Indoor,Carpet,1st Round,3,Vanek J.,Voltchkov V.,l,83,36,,,4,6,6,1,6,7,,,,,1,2,Completed,2.333333333,2.5,2.1,2.76744186,1.416666667,1.45,1.4,1.565789474,3,x,x,xllwww,x,x,x,xllwllwwwwlwwl,x
330-a,8,Milan,29/01/01,International,Indoor,Carpet,2nd Round,3,Boutter J.,Santoro F.,w,67,41,,,7,6,6,4,,,,,,,2,0,Completed,2.2625,2.5,2,2.609898675,1.48,1.5,1.45,1.621157105,4,xwlll,xw,xwllw,xw,xwwlllwllll,xww,xwwllllllww,xwwl
330-b,8,Milan,29/01/01,International,Indoor,Carpet,2nd Round,3,Santoro F.,Boutter J.,l,41,67,,,6,7,4,6,,,,,,,0,2,Completed,1.48,1.5,1.45,1.621157105,2.2625,2.5,2,2.609898675,4,xwllw,xw,xwlll,xw,xwwllllllww,xwwl,xwwlllwllll,xww
331-a,8,Milan,29/01/01,International,Indoor,Carpet,2nd Round,3,Federer R.,Saulnier C.,w,27,120,,,2,6,6,3,6,4,,,,,2,1,Completed,1.2625,1.3,1.22,1.361008476,3.1,3.75,2.4,3.770018061,4,xwlwlww,xw,xwlw,xw,xwwlllwwwllwwww,xww,xwwllww,xww
331-b,8,Milan,29/01/01,International,Indoor,Carpet,2nd Round,3,Saulnier C.,Federer R.,l,120,27,,,6,2,3,6,4,6,,,,,1,2,Completed,3.1,3.75,2.4,3.770018061,1.2625,1.3,1.22,1.361008476,4,xwlw,xw,xwlwlww,xw,xwwllww,xww,xwwlllwwwllwwww,xww
332-a,8,Milan,29/01/01,International,Indoor,Carpet,2nd Round,3,Gambill J.M.,Bruguera S.,w,30,80,,,6,3,7,5,,,,,,,2,0,Completed,1.3725,1.4,1.33,1.490175252,2.5875,3,2.1,3.040086674,4,xwlww,xw,xw,xw,xwlwllwwww,xwlw,xwwl,xwwl
332-b,8,Milan,29/01/01,International,Indoor,Carpet,2nd Round,3,Bruguera S.,Gambill J.M.,l,80,30,,,3,6,5,7,,,,,,,0,2,Completed,2.5875,3,2.1,3.040086674,1.3725,1.4,1.33,1.490175252,4,xw,xw,xwlww,xw,xwwl,xwwl,xwlwllwwww,xwlw
333-a,8,Milan,29/01/01,International,Indoor,Carpet,2nd Round,3,Ivanisevic G.,Ulihrach B.,w,123,53,,,,,,,,,,,,,0,0,Walkover,1.8775,2,1.7,2.104417982,1.7175,1.8,1.65,1.90545429,4,xw,xw,xwlllwwww,xw,xwwl,xwwl,xwlwlwlllwlwwlwwlwwwlw,xwlw
333-b,8,Milan,29/01/01,International,Indoor,Carpet,2nd Round,3,Ulihrach B.,Ivanisevic G.,l,53,123,,,,,,,,,,,,,0,0,Walkover,1.7175,1.8,1.65,1.90545429,1.8775,2,1.7,2.104417982,4,xwlllwwww,xw,xw,xw,xwlwlwlllwlwwlwwlwwwlw,xwlw,xwwl,xwwl
334-a,8,Milan,29/01/01,International,Indoor,Carpet,2nd Round,3,Kafelnikov Y.,Heuberger I.,w,7,190,,,6,2,6,3,,,,,,,2,0,Completed,1.175,1.2,1.15,1.265187341,3.7,4,3,4.770919067,4,xwwwwlww,xw,xwl,xw,xwwlwwwwwwlwwllwllwwwww,xwwl,xwwlwlwl,xww
334-b,8,Milan,29/01/01,International,Indoor,Carpet,2nd Round,3,Heuberger I.,Kafelnikov Y.,l,190,7,,,2,6,3,6,,,,,,,0,2,Completed,3.7,4,3,4.770919067,1.175,1.2,1.15,1.265187341,4,xwl,xw,xwwwwlww,xw,xwwlwlwl,xww,xwwlwwwwwwlwwllwllwwwww,xwwl
335-a,8,Milan,29/01/01,International,Indoor,Carpet,2nd Round,3,Rusedski G.,Rosset M.,w,52,29,,,6,3,1,0,,,,,,,1,0,Retired,1.47,1.57,1.4,1.615139466,2.2625,2.4,2.1,2.625647604,4,xwlwwww,xw,xwllwl,xw,xwwlllwwwwlwwlwlwww,xww,xwwllllllwwlll,xwwl
335-b,8,Milan,29/01/01,International,Indoor,Carpet,2nd Round,3,Rosset M.,Rusedski G.,l,29,52,,,3,6,0,1,,,,,,,0,1,Retired,2.2625,2.4,2.1,2.625647604,1.47,1.57,1.4,1.615139466,4,xwllwl,xw,xwlwwww,xw,xwwllllllwwlll,xwwl,xwwlllwwwwlwwlwlwww,xww
336-a,8,Milan,29/01/01,International,Indoor,Carpet,2nd Round,3,Safin M.,Malisse X.,w,1,124,,,3,6,6,3,7,5,,,,,2,1,Completed,1.1875,1.22,1.15,1.275402299,3.65,4.25,2.8,4.631051753,4,xwlww,xw,xwl,xw,xwwlllwwwwwwl,xww,xwwll,xww
336-b,8,Milan,29/01/01,International,Indoor,Carpet,2nd Round,3,Malisse X.,Safin M.,l,124,1,,,6,3,3,6,5,7,,,,,1,2,Completed,3.65,4.25,2.8,4.631051753,1.1875,1.22,1.15,1.275402299,4,xwl,xw,xwlww,xw,xwwll,xww,xwwlllwwwwwwl,xww
337-a,8,Milan,29/01/01,International,Indoor,Carpet,2nd Round,3,Voltchkov V.,Medvedev A.,w,36,58,,,6,2,7,5,,,,,,,2,0,Completed,1.8275,1.91,1.7,2.041191789,1.7625,1.9,1.65,1.960437847,4,xwllwww,xw,xwll,xw,xwlwllwllwwwwlwwl,xwlw,xwlwlllll,xwlw
337-b,8,Milan,29/01/01,International,Indoor,Carpet,2nd Round,3,Medvedev A.,Voltchkov V.,l,58,36,,,2,6,5,7,,,,,,,0,2,Completed,1.7625,1.9,1.65,1.960437847,1.8275,1.91,1.7,2.041191789,4,xwll,xw,xwllwww,xw,xwlwlllll,xwlw,xwlwllwllwwwwlwwl,xwlw
338-a,8,Milan,29/01/01,International,Indoor,Carpet,Quarterfinals,3,Boutter J.,Gambill J.M.,w,67,30,,,6,4,6,4,,,,,,,2,0,Completed,2.4075,2.63,2,2.783559354,1.435,1.45,1.4,1.560676603,4,xwwlll,xww,xwwlww,xww,xwwwwlllwllll,xwwww,xwwwlwllwwww,xwwwlw
338-b,8,Milan,29/01/01,International,Indoor,Carpet,Quarterfinals,3,Gambill J.M.,Boutter J.,l,30,67,,,4,6,4,6,,,,,,,0,2,Completed,1.435,1.45,1.4,1.560676603,2.4075,2.63,2,2.783559354,4,xwwlww,xww,xwwlll,xww,xwwwlwllwwww,xwwwlw,xwwwwlllwllll,xwwww
339-a,8,Milan,29/01/01,International,Indoor,Carpet,Quarterfinals,3,Federer R.,Ivanisevic G.,w,27,123,,,6,4,6,4,,,,,,,2,0,Completed,1.3575,1.4,1.33,1.47135663,2.65,3.1,2.2,3.121535875,4,xwwlwlww,xww,xww,xww,xwwlwwlllwwwllwwww,xwwlww,xwwl,xwwl
339-b,8,Milan,29/01/01,International,Indoor,Carpet,Quarterfinals,3,Ivanisevic G.,Federer R.,l,123,27,,,4,6,4,6,,,,,,,0,2,Completed,2.65,3.1,2.2,3.121535875,1.3575,1.4,1.33,1.47135663,4,xww,xww,xwwlwlww,xww,xwwl,xwwl,xwwlwwlllwwwllwwww,xwwlww
340-a,8,Milan,29/01/01,International,Indoor,Carpet,Quarterfinals,3,Kafelnikov Y.,Voltchkov V.,w,7,36,,,6,4,6,3,,,,,,,2,0,Completed,1.31,1.4,1.25,1.417498868,2.8375,3.25,2.6,3.395216076,4,xwwwwwlww,xww,xwwllwww,xww,xwwwwlwwwwwwlwwllwllwwwww,xwwwwl,xwwwlwllwllwwwwlwwl,xwwwlw
340-b,8,Milan,29/01/01,International,Indoor,Carpet,Quarterfinals,3,Voltchkov V.,Kafelnikov Y.,l,36,7,,,4,6,3,6,,,,,,,0,2,Completed,2.8375,3.25,2.6,3.395216076,1.31,1.4,1.25,1.417498868,4,xwwllwww,xww,xwwwwwlww,xww,xwwwlwllwllwwwwlwwl,xwwwlw,xwwwwlwwwwwwlwwllwllwwwww,xwwwwl
341-a,8,Milan,29/01/01,International,Indoor,Carpet,Quarterfinals,3,Rusedski G.,Safin M.,w,52,1,,,6,0,7,6,,,,,,,2,0,Completed,2.175,2.3,2,2.497528908,1.5175,1.57,1.45,1.667766742,4,xwwlwwww,xww,xwwlww,xww,xwwlllwwwwlwwlwlwww,xww,xwwlwwlllwwwwwwl,xwwlww
341-b,8,Milan,29/01/01,International,Indoor,Carpet,Quarterfinals,3,Safin M.,Rusedski G.,l,1,52,,,0,6,6,7,,,,,,,0,2,Completed,1.5175,1.57,1.45,1.667766742,2.175,2.3,2,2.497528908,4,xwwlww,xww,xwwlwwww,xww,xwwlwwlllwwwwwwl,xwwlww,xwwlllwwwwlwwlwlwww,xww
342-a,8,Milan,29/01/01,International,Indoor,Carpet,Semifinals,3,Boutter J.,Rusedski G.,w,67,52,,,7,6,7,6,,,,,,,2,0,Completed,2.6575,3,2.2,3.140102052,1.3525,1.36,1.35,1.467267437,4,xwwwlll,xwww,xwwwlwwww,xwww,xwwwwwwlllwllll,xwwwwww,xwwwwlllwwwwlwwlwlwww,xwwww
342-b,8,Milan,29/01/01,International,Indoor,Carpet,Semifinals,3,Rusedski G.,Boutter J.,l,52,67,,,6,7,6,7,,,,,,,0,2,Completed,1.3525,1.36,1.35,1.467267437,2.6575,3,2.2,3.140102052,4,xwwwlwwww,xwww,xwwwlll,xwww,xwwwwlllwwwwlwwlwlwww,xwwww,xwwwwwwlllwllll,xwwwwww
343-a,8,Milan,29/01/01,International,Indoor,Carpet,Semifinals,3,Federer R.,Kafelnikov Y.,w,27,7,,,6,2,6,7,6,3,,,,,2,1,Completed,2.27,2.45,2,2.610992038,1.4825,1.53,1.45,1.620735532,4,xwwwlwlww,xwww,xwwwwwwlww,xwww,xwwwwlwwlllwwwllwwww,xwwwwlww,xwwwwwwlwwwwwwlwwllwllwwwww,xwwwwwwl
343-b,8,Milan,29/01/01,International,Indoor,Carpet,Semifinals,3,Kafelnikov Y.,Federer R.,l,7,27,,,2,6,7,6,3,6,,,,,1,2,Completed,1.4825,1.53,1.45,1.620735532,2.27,2.45,2,2.610992038,4,xwwwwwwlww,xwww,xwwwlwlww,xwww,xwwwwwwlwwwwwwlwwllwllwwwww,xwwwwwwl,xwwwwlwwlllwwwllwwww,xwwwwlww
346-a,9,Copenhagen,12/2/2001,International,Indoor,Hard,1st Round,3,Black W.,Voltchkov V.,w,139,33,,,6,4,6,2,,,,,,,2,0,Completed,2.7325,3.2,2.4,3.264402404,1.3275,1.36,1.3,1.44161762,4,xl,xl,xlwwllwww,xllwww,xll,xll,xllwwwlwllwllwwwwlwwl,xllwllwwwwlwwl
346-b,9,Copenhagen,12/2/2001,International,Indoor,Hard,1st Round,3,Voltchkov V.,Black W.,l,33,139,,,4,6,2,6,,,,,,,0,2,Completed,1.3275,1.36,1.3,1.44161762,2.7325,3.2,2.4,3.264402404,4,xlwwllwww,xllwww,xl,xl,xllwwwlwllwllwwwwlwwl,xllwllwwwwlwwl,xll,xll
349-a,9,Copenhagen,12/2/2001,International,Indoor,Hard,1st Round,3,Goldstein P.,Vinck C.,w,80,101,,,6,0,6,1,,,,,,,2,0,Completed,1.675,1.8,1.57,1.856089225,1.925,2,1.8,2.168102543,4,xll,xll,x,x,xlllll,xlllll,x,x
349-b,9,Copenhagen,12/2/2001,International,Indoor,Hard,1st Round,3,Vinck C.,Goldstein P.,l,101,80,,,0,6,1,6,,,,,,,0,2,Completed,1.925,2,1.8,2.168102543,1.675,1.8,1.57,1.856089225,4,x,x,xll,xll,x,x,xlllll,xlllll
350-a,9,Copenhagen,12/2/2001,International,Indoor,Hard,1st Round,3,Gustafsson M.,Johansson J.,w,82,771,,,7,5,6,2,,,,,,,2,0,Completed,1.3725,1.4,1.35,1.49737569,2.545,2.88,2.2,3.010552626,4,x,x,x,x,x,x,x,x
350-b,9,Copenhagen,12/2/2001,International,Indoor,Hard,1st Round,3,Johansson J.,Gustafsson M.,l,771,82,,,5,7,2,6,,,,,,,0,2,Completed,2.545,2.88,2.2,3.010552626,1.3725,1.4,1.35,1.49737569,4,x,x,x,x,x,x,x,x
351-a,9,Copenhagen,12/2/2001,International,Indoor,Hard,1st Round,3,Henman T.,Dosedel S.,w,10,86,,,6,4,2,6,6,1,,,,,2,1,Completed,1.205,1.22,1.2,1.298684056,3.45,4,2.8,4.348019349,4,xlwww,xlwww,xll,xl,xlllwlwwwwwwlw,xlllwlwwwwwwlw,xllllwl,xllwl
351-b,9,Copenhagen,12/2/2001,International,Indoor,Hard,1st Round,3,Dosedel S.,Henman T.,l,86,10,,,4,6,6,2,1,6,,,,,1,2,Completed,3.45,4,2.8,4.348019349,1.205,1.22,1.2,1.298684056,4,xll,xl,xlwww,xlwww,xllllwl,xllwl,xlllwlwwwwwwlw,xlllwlwwwwwwlw
352-a,9,Copenhagen,12/2/2001,International,Indoor,Hard,1st Round,3,Ilie A.,Zib T.,w,43,123,,,4,6,6,4,6,1,,,,,2,1,Completed,1.335,1.37,1.29,1.450648959,2.7,3.25,2.2,3.219022103,4,xlwwl,xlwwl,xl,xl,xlllwwwwwlwwlll,xlllwwwwwlwwlll,xll,xll
352-b,9,Copenhagen,12/2/2001,International,Indoor,Hard,1st Round,3,Zib T.,Ilie A.,l,123,43,,,6,4,4,6,1,6,,,,,1,2,Completed,2.7,3.25,2.2,3.219022103,1.335,1.37,1.29,1.450648959,4,xl,xl,xlwwl,xlwwl,xll,xll,xlllwwwwwlwwlll,xlllwwwwwlwwlll
